"Naam gemeente, naam oude gemeente (van voor de fusie), van het district
een asterisk (*) achter de naam van een oude gemeente betekent dat het slechts gaat om een deel van de oude gemeente";NIS-code;Lettercode voor de oude gemeente
10 ADMINISTR. WIJK OF DISTRICT;11002;G   
11 ADMINISTR. WIJK OF DISTRICT;11002;H   
12 ADMINISTR. WIJK OF DISTRICT;11002;J   
1-2-3-4 ADMINISTR. WIJK OF DISTRICT;11002;A   
2 EN 3 DISTRICT HAVENGEBIED;11002;K   
4 EN 5 DISTRICT;11002;L   
5-6 ADMINISTR. WIJK OF DISTR.;11002;C   
7 ADMINISTR. WIJK OF DISTRICT;11002;D   
8 ADMINISTR. WIJK OF DISTRICT;11002;E   
9 ADMINISTR. WIJK OF DISTRICT;11002;F   
AAIGEM;41082;C   
AALBEKE;34022;E   
AALST;41002;    
AALST;41002;A   
AALST;71053;N   
AALTER;44001;    
AALTER;44001;A   
AARSCHOT;24001;    
AARSCHOT + DEEL BEGIJNENDIJK;24001;A   
AARSELE;37015;D   
AARTRIJKE*;31040;D   
AARTSELAAR;11001;    
AARTSELAAR;11001;A   
ABEE*;61081;C   
ABOLENS;64034;F   
ACHEL;72037;B   
ACHENE*;91030;G   
ACHET;91059;B   
ACOSSE;64075;D   
ACOZ;52025;D   
ADEGEM*+DEEL VAN EEKLO;43010;C   
ADINKERKE;38008;B   
AFDELING 2 - SINT-KRUIS;31006;B   
AFFLIGEM;23105;    
AGIMONT;91142;F   
AINEFFE;64076;E   
AISCHE-EN-REFAIL*;92035;S   
AISEAU;52074;A   
AISEAU - PRESLES;52074;    
AISEMONT;92048;E   
ALKEN;73001;    
ALKEN;73001;A   
ALLE*;91143;B   
ALLEUR*;62003;C   
ALSEMBERG;23003;B   
ALVERINGEM;38002;    
ALVERINGEM;38002;A   
AMAY;61003;    
AMAY;61003;A   
AMBERLOUP;82038;B   
AMBLY;83040;C   
AMBRESIN;64075;B   
AMEL;63001;    
AMEL;63001;A   
AMONINES;83013;B   
AMOUGIES;57095;A   
AMPSIN;61003;D   
ANDENNE;92003;    
ANDENNE;92003;A   
ANDERLECHT;21001;    
ANDERLECHT;21001;    
ANDERLECHT-CANAL-CHEM.FER EST;21001;B   
ANDERLECHT-CENTRE;21001;A   
ANDERLECHT-CENTRUM;21001;A   
ANDERLECHT-KANAAL-SPOOR OOST;21001;B   
ANDERLECHT-RING OUEST;21001;C   
ANDERLECHT-RING WEST;21001;C   
ANDERLUES;56001;    
ANDERLUES;56001;A   
ANDRIMONT;63020;B   
ANGLEUR + PARTIE DE OUGREE,TILFF ET EMBOURG;62063;H   
ANGRE;53083;C   
ANGREAU;53083;B   
ANHEE;91005;    
ANHEE;91005;A   
ANLIER*;85046;F   
ANLOY;84035;E   
ANNEVOIE-ROUILLON;91005;E   
ANS;62003;    
ANS*;62003;A   
ANSEROEUL;57095;C   
ANTHEE;91103;C   
ANTHEIT;61072;F   
ANTHISNES;61079;    
ANTHISNES*;61079;A   
ANTOING;57003;    
ANTOING;57003;A   
ANTWERPEN;11002;    
ANVAING;51065;J   
ANZEGEM;34002;    
ANZEGEM;34002;A   
APPELS;42006;B   
APPELTERRE-EICHEM;41048;H   
ARBRE;51004;H   
ARBRE;92101;D   
ARBREFONTAINE*;63045;C   
ARC - AINIERES;51065;L   
ARCHENNES;25037;B   
ARDOOIE;37020;    
ARDOOIE;37020;A   
ARENDONK;13001;    
ARENDONK* & DEEL RETIE;13001;A   
ARGENTEAU;62108;C   
ARLON;81001;    
ARLON + PARTIE DE WOLKRANGE;81001;A   
ARQUENNES;52063;C   
ARSIMONT;92137;B   
ARVILLE;84059;D   
AS;71002;    
AS;71002;A   
ASPELARE;41048;K   
ASPER;44020;F   
ASQUILLIES;53084;K   
ASSE;23002;    
ASSE;23002;A   
ASSEBROEK;31005;F   
ASSENEDE;43002;    
ASSENEDE;43002;A   
ASSENOIS*;84033;E   
ASSENT;24008;B   
ASSESSE;92006;    
ASSESSE;92006;A   
ASTENE;44011;B   
ATH;51004;    
ATH;51004;A   
ATHIS;53083;J   
ATHUS + PARTIE DE MESSANCY;81004;B   
ATTENHOVEN;24059;K   
ATTENHOVEN-NEERLANDEN;24059;L   
ATTENRODE;24137;B   
ATTERT;81003;    
ATTERT;81003;A   
ATTRE;51012;E   
AUBANGE;81004;    
AUBANGE;81004;A   
AUBECHIES;51008;J   
AUBEL;63003;    
AUBEL + PARTIE DE CHARNEUX;63003;A   
AUBLAIN;93014;L   
AUBY-SUR-SEMOIS;84009;E   
AUDERGHEM;21002;    
AUDERGHEM;21002;A   
AUDREGNIES*;53068;C   
AULNOIS;53084;F   
AUTELBAS;81001;B   
AUTRE-EGLISE;25122;F   
AUTREPPE;53083;G   
AUVELAIS;92137;A   
AVE-ET-AUFFE;91114;G   
AVEKAPELLE;38025;C   
AVELGEM;34003;    
AVELGEM*& DEEL KLUISBERGEN;34003;A   
AVENNES;64015;H   
AVERBODE;24134;E   
AVERNAS-LE-BAUDUIN;64034;B   
AVIN;64034;M   
AWANS;62006;    
AWANS*+ PARTIE DE GRACE-HOLLOGNE;62006;A   
AWENNE;84059;E   
AWIRS & PARTIE HORION-HOZEMONT;62120;C   
AYE;83034;C   
AYENEUX;62099;B   
AYWAILLE;62009;    
AYWAILLE + PARTIE DE ROUVREUX;62009;A   
BAAIGEM;44020;D   
BAAL+DEEL VAN BETEKOM;24109;B   
BAARDEGEM;41002;F   
BAARLE-HERTOG;13002;    
BAARLE-HERTOG;13002;A   
BAASRODE;42006;E   
BACHTE-MARIA-LEERNE;44011;K   
BAELEN;63004;    
BAELEN*+ PARTIE DE WELKENRAEDT;63004;A   
BAILEUX;56016;E   
BAILIEVRE;56016;N   
BAILLEUL;57027;E   
BAILLONVILLE*;91120;C   
BAISIEUX;53068;B   
BAISY-THY*;25031;B   
BALATRE;92140;B   
BALEGEM;44052;B   
BALEN;13003;    
BALEN;13003;A   
BAMBRUGGE;41082;E   
BANDE;83040;H   
BARBENCON*;56005;B   
BARCHON + PARTIE DE CEREXHE - HEUSEUX;62119;C   
BARONVILLE;91013;G   
BARRY - MAULDE;57081;G   
BARVAUX;83012;E   
BARVAUX-CONDROZ;91064;E   
BASECLES;51008;D   
BAS-OHA;61072;B   
BASSE-BODEUX;63086;C   
BASSENGE;62011;    
BASSENGE;62011;A   
BASSEVELDE;43002;C   
BASSILLY;55039;C   
BASTOGNE;82003;    
BASTOGNE + PARTIE DE LONGCHAMPS ET SIBRET;82003;A   
BAS-WARNETON;54010;B   
BATSHEERS;73022;B   
BATTICE;63035;C   
BAUDOUR;53070;B   
BAUFFE;53046;B   
BAUGNIES;57064;F   
BAULERS;25072;B   
BAVEGEM;41063;B   
BAVIKHOVE;34013;B   
BAZEL;46013;B   
BEAUFAYS + PARTIE DE FORET ET DE TILFF;62022;B   
BEAUMONT;56005;    
BEAUMONT;56005;A   
BEAURAING;91013;    
BEAURAING;91013;A   
BEAUSAINT;83031;E   
BEAUVECHAIN;25005;    
BEAUVECHAIN;25005;A   
BEAUVOORDE;38025;H   
BEAUWELZ;56051;G   
BECLERS - THIMOUGIES;57081;F   
BEERLEGEM;45065;E   
BEERNEM;31003;    
BEERNEM;31003;A   
BEERSE;13004;    
BEERSE;13004;A   
BEERSEL;23003;    
BEERSEL;23003;A   
BEERST;32003;B   
BEERT;23064;C   
BEERVELDE;44034;D   
BEERZEL;12029;B   
BEEZ;92094;R   
BEFFE;83044;B   
BEGIJNENDIJK;24007;    
BEGIJNENDIJK*;24007;A   
BEHO*;82037;B   
BEIGEM;23025;C   
BEKEGEM;35006;C   
BEKKERZEEL;23002;F   
BEKKEVOORT;24008;    
BEKKEVOORT;24008;A   
BELGRADE;92094;H   
BELLAIRE;62015;C   
BELLECOURT;52043;E   
BELLEFONTAINE;85039;B   
BELLEGEM;34022;G   
BELLEM;44001;B   
BELLEVAUX;84010;K   
BELLEVAUX-LIGNEUVILLE;63049;C   
BELLINGEN;23064;D   
BELOEIL;51008;    
BELOEIL;51008;A   
BELSELE;46021;C   
BEN-AHIN + PARTIE DE MARCHIN;61031;B   
BENDE;83012;G   
BERBROEK;71024;D   
BERCHEM;11002;T   
BERCHEM*+ DEEL VAN KERKOVE EN WORTEGEM-PETEGEM;45060;B   
BERCHEM-SAINTE-AGATHE;21003;    
BERCHEM-SAINTE-AGATHE;21003;A   
BERG;23038;D   
BERG;73083;F   
BERINGEN;71004;    
BERINGEN;71004;A   
BERLAAR;12002;    
BERLAAR;12002;A   
BERLARE;42003;    
BERLARE;42003;A   
BERLINGEN;73098;C   
BERLOZ;64008;    
BERLOZ;64008;A   
BERNEAU;62027;D   
BERNISSART;51009;    
BERNISSART;51009;A   
BERSILLIES - L'ABBAYE;56022;E   
BERTEM;24009;    
BERTEM;24009;A   
BERTOGNE;82005;    
BERTOGNE;82005;A   
BERTREE;64034;C   
BERTRIX;84009;    
BERTRIX + PARTIE D'OFFAGNE;84009;A   
BERZEE;93088;G   
BESELARE;33037;C   
BETEKOM*;24007;B   
BETTINCOURT;64074;G   
BEUZET;92142;C   
BEVEL;12026;B   
BEVER;23009;    
BEVER;23009;A   
BEVERCE;63049;B   
BEVEREN;38002;G   
BEVEREN;46003;    
BEVEREN;46003;A   
BEVEREN-LEIE;34040;B   
BEVERLO;71004;D   
BEVERST;73006;B   
BEYNE-HEUSAY;62015;    
BEYNE-HEUSAY;62015;A   
BIENNE-LEZ-HAPPART;56044;C   
BIERBEEK;24011;    
BIERBEEK;24011;A   
BIERCEE;56078;H   
BIERGES;25112;B   
BIERGHES;25123;B   
BIERSET* + PARTIE DE AWANS;62118;F   
BIERWART;92138;B   
BIESME;92087;J   
BIESMEREE;92087;F   
BIESME-SOUS-THUIN;56078;C   
BIEVRE;91015;    
BIEVRE;91015;A   
BIEZ;25037;C   
BIHAIN + PARTIE DE LIERNEUX;82032;C   
BIKSCHOTE;33040;B   
BILSTAIN;63046;B   
BILZEN;73006;    
BILZEN;73006;A   
BINCHE;56011;    
BINCHE;56011;A   
BINDERVELD;71045;B   
BINKOM;24066;B   
BIOUL;91005;D   
BISSEGEM;34022;C   
BLAASVELD;12040;C   
BLAIMONT;91142;D   
BLANDAIN - HERTAIN;57081;R   
BLANDEN*;24086;C   
BLANKENBERGE;31004;    
BLANKENBERGE;31004;A   
BLAREGNIES;53084;G   
BLATON;51009;C   
BLAUGIES;53020;B   
BLEGNY;62119;    
BLEHARIES;57093;A   
BLEHEN;64034;G   
BLEID*;85045;F   
BLERET;64074;D   
BLICQUY;57094;E   
BOCHOLT;72003;    
BOCHOLT;72003;A   
BOECHOUT;11004;    
BOECHOUT;11004;A   
BOEKHOUT;71017;G   
BOEKHOUTE;43002;D   
BOELHE + PARTIE DE TROGNEE;64029;B   
BOEZINGE;33011;D   
BOGAARDEN;23064;E   
BOHAN;91143;D   
BOIGNEE*+ PARTIE DE KEUMIEE ET DE VELAINE;92114;C   
BOIRS;62011;C   
BOIS - ET - BORSU;61012;C   
BOIS-DE-LESSINES;55023;C   
BOIS-DE-VILLERS + PARTIE DE FLOREFFE;92101;F   
BOIS-D'HAINE;52043;B   
BOLINNE;92035;F   
BOLLAND;63035;G   
BOMAL;25122;E   
BOMAL;83012;H   
BOMBAYE*;62027;C   
BOMMERSHOVEN+ DEEL VAN KOLMONT;73009;F   
BONCELLES;62096;D   
BONEFFE;92035;H   
BONHEIDEN;12005;    
BONHEIDEN;12005;A   
BONINNE - GELBRESSEE;92094;P   
BONLEZ;25018;E   
BONNERT;81001;D   
BONNEVILLE;92003;C   
BON-SECOURS;57064;K   
BONSIN;91120;J   
BOOISCHOT;12014;E   
BOOITSHOEKE;38025;B   
BOOM;11005;    
BOOM;11005;A   
BOORSEM;73107;G   
BOORTMEERBEEK;24014;    
BOORTMEERBEEK;24014;A   
BORCHTLOMBEEK*;23097;B   
BORGERHOUT;11002;S   
BORGLOON;73009;    
BORGLOON;73009;A   
BORLEZ;64076;B   
BORLO*;71017;E   
BORLON;83012;F   
BORMEM;12007;A   
BORNEM;12007;    
BORNIVAL;25072;E   
BORSBEEK;11007;    
BORSBEEK;11007;A   
BORSBEKE;41027;C   
BOSSIERE;92142;E   
BOSSUIT;34003;E   
BOSSUT-GOTTECHAIN*;25037;D   
BOST;24107;C   
BOTHEY;92142;G   
BOTTELARE;44043;B   
BOUFFIOULX;52012;C   
BOUGE;92094;K   
BOUGNIES;53084;J   
BOUILLON;84010;    
BOUILLON;84010;A   
BOURLERS;56016;H   
BOURSEIGNE-NEUVE;91054;G   
BOURSEIGNE-VIEILLE;91054;H   
BOUSSOIT;55022;G   
BOUSSU;53014;    
BOUSSU;53014;A   
BOUSSU-EN-FAGNE;93014;M   
BOUSSU-LEZ-WALCOURT;56029;D   
BOUSVAL;25031;H   
BOUTERSEM;24016;    
BOUTERSEM;24016;A   
BOUVIGNIES;51004;U   
BOUWEL;13010;B   
BOVEKERKE;32010;B   
BOVENISTIER;64074;E   
BOVESSE;92141;C   
BOVIGNY;82037;A   
BRA*;63045;B   
BRAFFE;57064;G   
BRAIBANT;91030;J   
BRAINE-L'ALLEUD;25014;    
BRAINE-L'ALLEUD*;25014;A   
BRAINE-LE-CHATEAU;25015;    
BRAINE-LE-CHATEAU;25015;A   
BRAINE-LE-COMTE;55004;    
BRAINE-LE-COMTE;55004;A   
BRAIVES;64015;    
BRAIVES;64015;A   
BRAKEL;45059;    
BRANCHON;92035;J   
BRAS;84077;B   
BRASMENIL;57064;D   
BRASSCHAAT;11008;    
BRASSCHAAT;11008;A   
BRAY;56011;G   
BRECHT;11009;    
BRECHT*;11009;A   
BREDENE;35002;    
BREDENE;35002;A   
BREE;72004;    
BREE;72004;A   
BREENDONK* + DEEL TISSELT;12030;C   
BRESSOUX;62063;E   
BRIELEN;33011;B   
BROECHEM;11035;C   
BROEKOM;73009;H   
BRUGELETTE;51012;    
BRUGELETTE;51012;A   
BRUGGE;31005;    
BRUGGE;31005;A   
BRULY;93014;C   
BRULY-DE-PESCHE;93014;F   
BRUNEHAUT;57093;    
BRUSSEGEM*;23052;B   
BRUSSEL;21004;    
BRUSSEL PENTAGOON;21004;A   
BRUSSEL-ANTWERPSE STWG;21004;D   
BRUSSEL-HAREN;21004;G   
BRUSSEL-LAKEN;21004;E   
BRUSSEL-LOUISA;21004;C   
BRUSSEL-NEDER-OVERHEEMBEEK;21004;F   
BRUSSEL-WETSTRAAT;21004;B   
BRUSTEM;71053;J   
BRUXELLES;21004;    
BRUXELLES PENTAGONE;21004;A   
BRUXELLES-CHAUSSEE D'ANVERS;21004;D   
BRUXELLES-HAREN;21004;G   
BRUXELLES-LAEKEN;21004;E   
BRUXELLES-LOUISE;21004;C   
BRUXELLES-NEDER-OVERHEEMBEEK;21004;F   
BRUXELLES-RUE DE LA LOI;21004;B   
BRUYELLE;57003;E   
BRYE;52021;H   
BUDINGEN;24130;E   
BUGGENHOUT;42004;    
BUGGENHOUT;42004;A   
BUISSENAL;51065;C   
BUISSONVILLE+PARTIE DE HUMAIN;91114;L   
BUIZINGEN;23027;B   
BUKEN;23038;B   
BULLINGEN;63012;    
BULLINGEN;63012;A   
BULSKAMP;38025;G   
BUNSBEEK*;24137;C   
BURCHT;11056;B   
BURDINNE;61010;    
BURDINNE;61010;A   
BURE;84068;B   
BURG-REULAND;63087;    
BURST;41082;D   
BURY;57064;H   
BUTGENBACH;63013;    
BUTGENBACH;63013;A   
BUVINGEN;71017;D   
BUVRINNES;56011;E   
BUZENOL;85009;D   
BUZET;52055;C   
CALLENELLE;57064;C   
CALONNE;57003;F   
CAMBRON - CASTEAU;51012;C   
CAMBRON-SAINT-VINCENT;53046;D   
CARLSBOURG;84050;G   
CARNIERES;56087;B   
CASTEAU*;55040;D   
CASTILLON;93088;D   
CELLES;57018;    
CELLES;57018;A   
CELLES;64076;A   
CELLES;91072;G   
CEREXHE-HEUSEUX*;62099;E   
CERFONTAINE;93010;    
CERFONTAINE;93010;A   
CEROUX-MOUSTY*;25121;B   
CHAINEUX;63035;D   
CHAMPION - COGNELEE;92094;N   
CHAMPLON;83049;B   
CHANLY;84075;E   
CHANTEMELLE;85009;C   
CHAPELLE-A-OIE;57094;D   
CHAPELLE-A-WATTINES;57094;C   
CHAPELLE-LEZ-HERLAIMONT;52010;    
CHAPELLE-LEZ-HERLAIMONT;52010;A   
CHAPON-SERAING;61063;C   
CHARLEROI;52011;    
CHARLEROI;52011;A   
CHARNEUX*;63035;B   
CHASSEPIERRE;85011;C   
CHASTRE;25117;    
CHASTRES;93088;N   
CHASTRE-VILLEROUX-BLANMONT;25117;A   
CHATELET;52012;    
CHATELET;52012;A   
CHATELINEAU;52012;B   
CHATILLON;85034;B   
CHAUDFONTAINE;62022;    
CHAUDFONTAINE;62022;A   
CHAUMONT-GISTOUX;25018;    
CHAUMONT-GISTOUX;25018;A   
CHAUSSEE-NOTRE-DAME-LOUVIGNIES;55040;F   
CHENEE*;62063;G   
CHERAIN;82037;D   
CHERATTE* + PARTIE DE HERSTAL, WANDRE;62108;D   
CHERCQ;57081;C   
CHEVETOGNE;91030;E   
CHEVRON;63075;D   
CHIEVRES;51014;    
CHIEVRES;51014;A   
CHIMAY;56016;    
CHIMAY;56016;A   
CHINY;85007;    
CHINY;85007;A   
CIERGNON;91072;J   
CINEY;91030;    
CINEY;91030;A   
CIPLET;64015;G   
CIPLY;53053;S   
CLABECQ;25105;C   
CLAVIER;61012;    
CLAVIER;61012;A   
CLERMONT;63089;B   
CLERMONT;93088;E   
CLERMONT-SOUS-HUY;61080;C   
COLFONTAINE;53082;    
COMBLAIN-AU-PONT;62026;    
COMBLAIN-AU-PONT*+ PARTIE DE ANTHISNES;62026;A   
COMBLAIN-FAIRON;61024;B   
COMINES;54010;    
COMINES;54010;A   
CONNEUX;91030;F   
CORBAIS;25068;B   
CORBION + PARTIE D'ALLE;84010;B   
CORDES;51065;K   
CORENNE;93022;B   
CORROY-LE-CHATEAU;92142;H   
CORROY-LE-GRAND*;25018;B   
CORSWAREM;64008;C   
CORTIL-NOIRMONT;25117;B   
CORTIL-WODON;92138;J   
COUILLET;52011;F   
COURCELLES;52015;    
COURCELLES + PARTIE DE ROUX;52015;A   
COURRIERE;92006;E   
COUR-SUR-HEURE;56086;C   
COURT-SAINT-ETIENNE;25023;    
COURT-SAINT-ETIENNE;25023;A   
COUTHUIN*;61028;C   
COUTISSE;92003;B   
COUTURE-SAINT-GERMAIN;25119;B   
COUVIN;93014;    
COUVIN;93014;A   
CRAS-AVERNAS;64034;D   
CREHEN;64034;K   
CRISNEE;64021;    
CRISNEE;64021;A   
CROIX-LEZ-ROUVEROY;56085;F   
CROMBACH;63067;E   
CRUPET;92006;B   
CUESMES;53053;C   
CUGNON;84009;D   
CUL-DES-SARTS;93014;E   
CUSTINNE;91072;H   
DADIZELE;36012;B   
DAILLY;93014;K   
DAKNAM;46014;C   
DALHEM;62027;    
DALHEM;62027;A   
DAMME;31006;    
DAMME;31006;A   
DAMPICOURT*;85047;A   
DAMPREMY;52011;B   
DARION;64029;D   
DAUSSOIS;93010;D   
DAVE;92094;X   
DAVERDISSE;84016;    
DAVERDISSE;84016;A   
DE HAAN;35029;    
DE KLINGE;46020;B   
DE MOEREN;38025;K   
DE PANNE;38008;    
DE PANNE;38008;A   
DE PINTE;44012;    
DE PINTE;44012;A   
DEEL HERENT;24062;F   
DEEL HUISE*;45017;B   
DEEL KAGGEVINNE;24134;F   
DEEL KORBEEK-LO +DEEL HAASRODE;24062;E   
DEEL RENINGELST;33039;H   
DEEL SINAAI;46024;C   
DEEL VAN ZOLDER;71066;B   
DEEL VRASENE;46020;E   
DEEL WOUMEN - AFDELING 3;32006;C   
DEERLIJK;34009;    
DEERLIJK;34009;A   
DEFTINGE;45063;C   
DEINZE;44011;    
DEINZE;44011;A   
DENDERBELLE;42011;C   
DENDERHOUTEM;41024;B   
DENDERLEEUW;41011;    
DENDERLEEUW;41011;A   
DENDERMONDE;42006;    
DENDERMONDE;42006;A   
DENDERWINDEKE;41048;F   
DENEE;91005;C   
DENTERGEM;37002;    
DENTERGEM;37002;A   
DERGNEAU;51065;N   
DESSEL;13006;    
DESSEL;13006;A   
DESSELGEM;34040;C   
DESTELBERGEN;44013;    
DESTELBERGEN;44013;A   
DEURLE;44064;B   
DEURNE;11002;R   
DEURNE;24020;F   
DEUX-ACREN;55023;B   
DHUY;92035;N   
DIEGEM;23047;B   
DIEPENBEEK;71011;    
DIEPENBEEK;71011;A   
DIEST;24020;    
DIEST;24020;A   
DIKKEBUS;33011;H   
DIKKELE;45065;F   
DIKKELVENNE*+DEEL ZINGEM;44020;E   
DIKSMUIDE;32003;    
DIKSMUIDE;32003;A   
DILBEEK;23016;    
DILBEEK;23016;A   
DILSEN;72041;A   
DILSEN-STOKKEM;72041;    
DINANT;91034;    
DINANT;91034;A   
DION;91013;E   
DION-LE-MONT;25018;C   
DION-LE-VAL;25018;D   
DISON;63020;    
DISON;63020;A   
DOCHAMPS;83055;F   
DOEL;46003;E   
DOHAN;84010;E   
DOISCHE;93018;    
DOISCHE;93018;A   
DOLEMBREUX*;62100;D   
DONCEEL;64023;    
DONCEEL;64023;A   
DONGELBERG*;25048;D   
DONK;71024;B   
DONSTIENNES;56078;E   
DORINNE;91141;E   
DORMAAL;24130;D   
DOTTIGNIES;54007;D   
DOUR;53020;    
DOUR;53020;A   
DOURBES*;93090;H   
DRANOUTER;33039;E   
DROGENBOS;23098;    
DROGENBOS;23098;A   
DRONGEN;44021;K   
DUDZELE;31005;C   
DUFFEL;12009;    
DUFFEL;12009;A   
DUISBURG;24104;C   
DURAS;71053;D   
DURBUY;83012;    
DURBUY;83012;A   
DURNAL;91141;C   
DWORP;23003;C   
EBEN-EMAEL;62011;F   
EBLY;84033;B   
ECAUSSINES;55050;    
ECAUSSINES-D'ENGHIEN;55050;A   
ECAUSSINES-LALAING;55050;B   
EDEGEM;11013;    
EDEGEM;11013;A   
EEKLO;43005;    
EEKLO* + DEEL ADEGEM;43005;A   
EERNEGEM;35006;B   
EGEM;37011;B   
EGGEWAARTSKAPELLE;38025;D   
EGHEZEE;92035;    
EGHEZEE;92035;A   
EHEIN (PARTIE);61080;B   
EHEIN*;62121;D   
EIGENBILZEN;73006;F   
EINDHOUT;13053;C   
EISDEN;73107;D   
EKE*+DEEL SEMMERZAKE;44048;B   
EKEREN;11002;P   
EKSAARDE;46014;B   
EKSEL+ DEEL VAN OVERPELT;72038;B   
ELEN;72041;C   
ELENE + OOMBERGEN*;41081;B   
ELEWIJT;23096;D   
ELINGEN;23064;B   
ELLEMELLE*;61048;C   
ELLEZELLES;51017;    
ELLEZELLES;51017;A   
ELLIGNIES-SAINTE-ANNE;51008;H   
ELLIKOM;72040;C   
ELOUGES;53020;D   
ELSEGEM*+DEEL VAN KLUISBERGEN;45061;D   
ELSENBORN;63013;B   
ELSENE;21009;    
ELSENE;21009;A   
ELST;45059;D   
ELVERDINGE;33011;F   
ELVERSELE;46025;D   
EMBLEM;11035;D   
EMBOURG*;62022;C   
EMINES;92141;A   
EMPTINNE;91059;E   
ENGELMANSHOVEN;71053;L   
ENGHIEN;55010;    
ENGHIEN;55010;A   
ENGIS;61080;    
ENGIS;61080;A   
ENINES;25120;E   
ENSIVAL;63079;E   
EPINOIS;56011;D   
EPPEGEM;23096;E   
EPRAVE;91114;E   
ERBAUT;53044;F   
ERBISOEUL;53044;D   
EREMBODEGEM*;41002;H   
EREZEE;83013;    
EREZEE;83013;A   
ERMETON-SUR-BIERT;92087;E   
ERNEUVILLE;83049;C   
ERNONHEID;62009;D   
ERONDEGEM;41082;H   
ERPE;41082;B   
ERPE - MERE;41082;    
ERPENT;92094;Y   
ERPION;56029;C   
ERPS-KWERPS;24055;B   
ERQUELINNES;56022;    
ERQUELINNES;56022;A   
ERQUENNES;53083;K   
ERTVELDE;44019;C   
ERWETEGEM;41081;F   
ESCANAFFLES;57018;D   
ESNEUX;62032;    
ESNEUX* + PARTIE DE DOLEMBREUX;62032;A   
ESPLECHIN;57081;N   
ESQUELMES;57062;E   
ESSEN;11016;    
ESSEN +DEEL KALMTHOUT;11016;A   
ESSENE;23105;B   
ESTAIMBOURG;57027;D   
ESTAIMPUIS;57027;    
ESTAIMPUIS;57027;A   
ESTINNES;56085;    
ESTINNES-AU-MONT;56085;A   
ESTINNES-AU-VAL;56085;B   
ETALLE;85009;    
ETALLE;85009;A   
ETHE;85045;B   
ETIKHOVE;45064;A   
ETTELGEM;35014;B   
ETTERBEEK;21005;    
ETTERBEEK;21005;    
ETTERBEEK;21005;A   
ETTERBEEK;21005;A   
EUGIES* + PARTIE DE PATURAGES;53028;D   
EUPEN;63023;    
EUPEN*+GEBIETSTEIL RAEREN;63023;A   
EVEGNEE-TIGNEE*;62099;F   
EVELETTE;92097;F   
EVERBEEK;45059;G   
EVERBERG;24055;D   
EVERE;21006;    
EVERE;21006;A   
EVERGEM;44019;    
EVERGEM;44019;A   
EVREGNIES;57027;B   
EYNATTEN;63061;B   
FAGNOLLE + PARTIE DE DOURBES;93056;L   
FAIMES;64076;    
FALAEN;91103;E   
FALISOLLE;92137;C   
FALLAIS;64015;D   
FALMAGNE;91034;G   
FALMIGNOUL;91034;H   
FAMILLEUREUX*;52063;E   
FARCIENNES;52018;    
FARCIENNES;52018;A   
FAULX-LES-TOMBES;92054;B   
FAUROEULX;56085;E   
FAUVILLERS;82009;    
FAUVILLERS;82009;A   
FAYMONVILLE;63080;C   
FAYS-LES-VENEURS;84050;E   
FAYT-LE-FRANC;53083;H   
FAYT-LEZ-MANAGE;52043;C   
FELENNE;91013;D   
FELUY;52063;B   
FENEUR;62027;B   
FERNELMONT;92138;    
FERRIERES;61019;    
FERRIERES + PARTIE DE HARRE;61019;A   
FESCHAUX;91013;F   
FEXHE-LE-HAUT-CLOCHER;64025;    
FEXHE-LE-HAUT-CLOCHER* + PARTIE DE MOMALLE;64025;A   
FEXHE-SLINS + PARTIE DE LIERS;62060;C   
FILOT;61024;C   
FINNEVAUX;91072;D   
FIZE-FONTAINE;61068;E   
FLAMIERGE*;82005;C   
FLAVION;93022;C   
FLAWINNE;92094;E   
FLEMALLE;62120;    
FLEMALLE-HAUTE & FLEMALLE-GRANDE & PARTIE AWIRS;62120;A   
FLENU;53053;U   
FLERON;62038;    
FLERON*;62038;A   
FLEURUS;52021;    
FLEURUS;52021;A   
FLOBECQ;51019;    
FLOBECQ;51019;A   
FLONE;61003;B   
FLOREE;92006;G   
FLOREFFE;92045;    
FLOREFFE*;92045;A   
FLORENNES;93022;    
FLORENNES;93022;A   
FLORENVILLE;85011;    
FLORENVILLE;85011;A   
FLORIFFOUX;92045;D   
FLOSTOY;91064;J   
FOCANT;91013;K   
FOLX-LES-CAVES;25120;D   
FONTAINE-L'EVEQUE;52022;    
FONTAINE-L'EVEQUE;52022;A   
FONTAINE-VALMONT;56049;D   
FONTENELLE;93088;C   
FONTENOILLE;85011;E   
FONTENOY;57003;B   
FOOZ + PARTIE DE BIERSET;62006;B   
FORCHIES-LA-MARCHE;52022;B   
FOREST;21007;    
FOREST;21007;A   
FOREST;51065;H   
FORET*;62122;A   
FORGE-PHILIPPE;56051;E   
FORGES;56016;J   
FORRIERES;83040;G   
FORVILLE;92138;A   
FOSSES-LA-VILLE;92048;    
FOSSES-LA-VILLE;92048;A   
FOULENG;55039;G   
FOY-NOTRE-DAME;91034;E   
FRAIPONT;62122;B   
FRAIRE;93088;P   
FRAITURE;61081;D   
FRAMERIES;53028;    
FRAMERIES;53028;A   
FRAMONT;84050;C   
FRANCHIMONT;93056;D   
FRANCORCHAMPS;63073;B   
FRANC-WARET;92138;F   
FRANIERE;92045;B   
FRASNES;93014;N   
FRASNES - LEZ - ANVAING;51065;    
FRASNES - LEZ - BUISSENAL;51065;A   
FRASNES-LEZ-GOSSELIES;52075;D   
FREUX;84077;E   
FROIDCHAPELLE;56029;    
FROIDCHAPELLE;56029;A   
FROIDFONTAINE;91013;M   
FRONVILLE;83028;D   
FROYENNES;57081;U   
FUMAL;64015;E   
FURFOOZ;91034;F   
FURNAUX;92087;D   
GAASBEEK;23104;C   
GAGES;51012;B   
GALLAIX;57094;J   
GALMAARDEN;23023;    
GALMAARDEN;23023;A   
GANSHOREN;21008;    
GANSHOREN;21008;    
GANSHOREN;21008;A   
GANSHOREN;21008;A   
GAURAIN-RAMECROIX;57081;J   
GAVERE;44020;    
GAVERE;44020;A   
GEBIETSTEIL  RECHT;63001;D   
GEDINNE;91054;    
GEDINNE;91054;A   
GEEL;13008;    
GEEL + DEEL OEVEL;13008;A   
GEER;64029;    
GEER;64029;A   
GEEST-GEROMPONT-PETIT-ROSIERE;25122;C   
GEETBETS;24028;    
GEETBETS;24028;A   
GELINDEN;71053;M   
GELLIK;73042;E   
GELRODE;24001;D   
GELUVELD;33037;D   
GELUWE;33029;B   
GEMBES;84016;C   
GEMBLOUX;92142;    
GEMBLOUX;92142;A   
GEMMENICH;63088;A   
GENAPPE;25031;    
GENAPPE;25031;A   
GENK;71016;    
GENK;71016;A   
GENLY;53084;H   
GENOELSELDEREN + DEEL VAN 'S HERENELDEREN;73066;J   
GENT;44021;    
GENT CENTRUM;44021;A   
GENT MUIDE-SIFFERDOK;44021;C   
GENT ZUID;44021;B   
GENTBRUGGE;44021;F   
GENTINNES*;25117;D   
GENVAL;25091;B   
GERAARDSBERGEN;41018;    
GERAARDSBERGEN;41018;A   
GERIN;91103;B   
GEROUVILLE;85024;E   
GERPINNES;52025;    
GERPINNES;52025;A   
GESVES;92054;    
GESVES;92054;A   
GHISLENGHIEN;51004;F   
GHLIN (+PART DE BAUDOUR 1971);53053;D   
GHOY;55023;G   
GIBECQ;51004;G   
GIERLE + DEEL VAN VOSSELAAR;13019;C   
GIJVERINKHOVE;38002;E   
GIJZEGEM;41002;C   
GIJZELBRECHTEGEM;34002;B   
GIJZENZELE;44052;F   
GILLY;52011;D   
GIMNEE;93018;G   
GINGELOM;71017;    
GINGELOM;71017;A   
GISTEL;35005;    
GISTEL+DEEL WESTKERKE;35005;A   
GITS;36006;B   
GIVRY;53084;D   
GLABAIS;25031;F   
GLABBEEK;24137;    
GLABBEEK-ZUURBEMDE;24137;A   
GLAIN & PARTIE ANS;62063;K   
GLIMES;25043;B   
GLONS + PARTIE DE SLINS;62011;D   
GOCHENEE;93018;K   
GODARVILLE;52010;B   
GODINNE;91141;B   
GODVEERDEGEM;41081;E   
GOE;63046;C   
GOEFERDINGE;41018;E   
GOEGNIES-CHAUSSEE;53084;E   
GOESNES;92097;D   
GOETSENHOVEN*;24107;J   
GOMZE-ANDOUMONT;62100;E   
GONDREGNIES;55039;H   
GONRIEUX;93014;H   
GONTRODE;44040;B   
GOOIK;23024;    
GOOIK*;23024;A   
GORSEM;71053;E   
GORS-OPLEEUW;73009;D   
GOSSELIES + PARTIE DE WAYAUX;52011;P   
GOTEM;73009;L   
GOTTEM;44011;F   
GOUGNIES;52025;F   
GOURDINNE;93088;J   
GOUTROUX;52011;L   
GOUVY;82037;    
GOUY-LEZ-PIETON;52015;D   
GOZEE;56078;B   
GRACE-BERLEUR*+PART. DE LONCIN;62118;A   
GRACE-HOLLOGNE;62118;    
GRAIDE;91015;B   
GRAMMENE;44011;E   
GRAND-AXHE;64074;F   
GRAND-HALLET;64034;S   
GRAND-HALLEUX;82032;D   
GRANDHAN*;83012;B   
GRAND-LEEZ + PARTIE D'AISCHE-EN-REFAIL;92142;B   
GRANDMENIL;83055;A   
GRANDMETZ;57094;B   
GRAND-RECHAIN;63035;E   
GRAND-RENG;56022;F   
GRANDRIEU;56088;B   
GRAND-ROSIERE-HOTTOMONT;25122;B   
GRANDVOIR;84043;F   
GRAPFONTAINE;84043;D   
GRATY;55039;E   
GRAUX;92087;C   
GRAZEN;24028;C   
GREMBERGEN;42006;D   
GREZ-DOICEAU;25037;    
GREZ-DOICEAU;25037;A   
GRIMBERGEN;23025;    
GRIMBERGEN;23025;A   
GRIMMINGE;41018;L   
GRIVEGNEE;62063;F   
GROBBENDONK;13010;    
GROBBENDONK;13010;A   
GROOT - BIJGAARDEN;23016;C   
GROOT-GELMEN*;71053;K   
GROOT-LOON;73009;G   
GROSAGE;51014;D   
GROTE BROGEL;72030;C   
GROTENBERGE;41081;D   
GROTE-SPOUWEN;73006;L   
GRUITRODE;72040;D   
GRUNE;83040;E   
GRUPONT;84068;D   
GUIGNIES;57093;E   
GUIGOVEN;73040;E   
GUIRSCH;81001;E   
GULLEGEM;34041;B   
GUTSCHOVEN;73022;E   
HAACHT;24033;    
HAACHT;24033;A   
HAALTERT;41024;    
HAALTERT + DEEL EREMBODEGEM;41024;A   
HAASDONK*;46003;H   
HAASRODE*;24086;D   
HABAY;85046;    
HABAY-LA-NEUVE;85046;A   
HABAY-LA-VIEILLE;85046;C   
HABERGY;81015;C   
HACCOURT*;62079;B   
HACHY*;85046;B   
HACQUEGNIES;51065;E   
HAILLOT;92097;B   
HAINE-SAINT-PAUL;55022;C   
HAINE-SAINT-PIERRE;55022;B   
HAININ;53039;D   
HAKENDOVER;24107;H   
HALANZY;81004;C   
HALEN;71020;    
HALEN;71020;A   
HALLAAR;12014;B   
HALLE;11055;B   
HALLE;23027;    
HALLE;23027;A   
HALLE-BOOIENHOVEN;24130;C   
HALLEUX;83031;F   
HALMA;84075;B   
HALMAAL;71053;B   
HALTINNE;92054;D   
HAM;71069;    
HAMIPRE + PARTIE D'ASSENOIS;84043;C   
HAMME;23052;C   
HAMME;42008;    
HAMME;42008;A   
HAMME-MILLE & PARTIE DE BOSSUT GOTTECHAIN;25005;E   
HAMOIR;61024;    
HAMOIR;61024;A   
HAMOIS;91059;    
HAMOIS;91059;A   
HAMONT;72037;A   
HAMONT-ACHEL;72037;    
HAMPTEAU;83028;B   
HAM-SUR-HEURE;56086;A   
HAM-SUR-HEURE - NALINNES;56086;    
HAM-SUR-SAMBRE;92140;H   
HANDZAME;32011;B   
HANEFFE;64023;D   
HANNECHE;61010;B   
HANNUT;64034;    
HANNUT;64034;A   
HANRET;92035;K   
HANSBEKE;44049;C   
HAN-SUR-LESSE;91114;D   
HANTES-WIHERIES;56022;C   
HANZINELLE;93022;K   
HANZINNE;93022;L   
HARELBEKE;34013;    
HARELBEKE*;34013;A   
HARGIMONT;83034;D   
HARMIGNIES;53053;L   
HARNONCOURT;85047;B   
HARRE*;83055;B   
HARSIN;83040;D   
HARVENG;53053;M   
HARZE;62009;C   
HASSELT;71022;    
HASSELT;71022;A   
HASTIERE;91142;    
HASTIERE-LAVAUX;91142;A   
HASTIERE-PAR-DELA;91142;B   
HATRIVAL + PARTIE DE LIBIN ET SMUID;84059;C   
HAULCHIN;56085;H   
HAUSET;63061;C   
HAUT-FAYS;84016;D   
HAUT-ITTRE;25044;B   
HAUTRAGE;53070;E   
HAVAY;53084;C   
HAVELANGE;91064;    
HAVELANGE;91064;A   
HAVINNES;57081;D   
HAVRE+PARIE DE VILLE-SUR-HAINE;53053;H   
HECHTEL + DEEL HELCHTEREN;72038;A   
HECHTEL-EKSEL;72038;    
HEER;91142;E   
HEERS;73022;    
HEERS;73022;A   
HEES;73006;H   
HEESTERT;34042;C   
HEFFEN;12025;D   
HEIKRUIS;23064;F   
HEINDONK;12040;B   
HEINSCH + PARTIE DE HACHY;81001;C   
HEIST;31043;B   
HEIST-OP-DEN-BERG;12014;    
HEIST-OP-DEN-BERG;12014;A   
HEKELGEM;23105;A   
HEKS;73022;H   
HELCHTEREN*;72039;B   
HELDERGEM;41024;D   
HELECINE;25118;    
HELENBOS;24130;B   
HELKIJN;34043;B   
HELLEBECQ;55039;B   
HEMELVEERDEGEM;45063;B   
HEMIKSEM;11018;    
HEMIKSEM;11018;A   
HEMPTINNE;92138;K   
HEMPTINNE;93022;F   
HENDRIEKEN;73009;J   
HENIS;73083;E   
HENNUYERES;55004;B   
HENRI-CHAPELLE+PART. DE BAELEN;63084;B   
HENRIPONT;55004;D   
HENSIES;53039;    
HENSIES;53039;A   
HEPPEN;71034;B   
HEPPENBACH;63001;B   
HEPPIGNIES;52021;E   
HERBEUMONT;84029;    
HERBEUMONT;84029;A   
HERCHIES;53044;E   
HERDEREN;73066;B   
HERDERSEM;41002;D   
HERENT;24038;    
HERENT*;24038;A   
HERENTALS;13011;    
HERENTALS;13011;A   
HERENTHOUT;13012;    
HERENTHOUT;13012;A   
HERFELINGEN;23032;B   
HERGENRATH;63040;C   
HERINNES;57062;C   
HERK-DE-STAD;71024;    
HERK-DE-STAD;71024;A   
HERMALLE-SOUS-ARGENTEAU*;62079;C   
HERMALLE-SOUS-HUY*;61080;D   
HERMEE;62079;E   
HERMETON-SUR-MEUSE;91142;G   
HERNE;23032;    
HERNE;23032;A   
HERON;61028;    
HERON*;61028;A   
HERQUEGIES;51065;F   
HERSEAUX;54007;C   
HERSELT;13013;    
HERSELT;13013;A   
HERSTAL;62051;    
HERSTAL*;62051;A   
HERSTAPPE;73028;    
HERSTAPPE;73028;A   
HERTEN;73098;B   
HERTSBERGE;31022;B   
HERVE;63035;    
HERVE;63035;A   
HERZELE;41027;    
HERZELE;41027;A   
HEULE;34022;B   
HEURE;91120;H   
HEURE-LE-ROMAIN;62079;G   
HEURNE;45035;B   
HEUSDEN;44013;B   
HEUSDEN;71070;A   
HEUSDEN-ZOLDER;71070;    
HEUSY;63079;C   
HEUVELLAND;33039;    
HEVER;24014;B   
HEVERLEE + DEEL VAN BLANDEN;24062;D   
HEVILLERS;25068;C   
HEYD;83012;L   
HILLEGEM;41027;B   
HINGENE;12007;B   
HINGEON;92138;D   
HIVES;83031;D   
HOBOKEN;11002;V   
HODEIGE;64063;D   
HODISTER;83044;D   
HODY;61079;B   
HOEGAARDEN;24041;    
HOEGAARDEN* + DEEL VAN KUMTICH + DEEL VAN TIENEN;24041;A   
HOEILAART;23033;    
HOEILAART;23033;A   
HOELBEEK;73006;E   
HOELEDEN + DEEL BUNSBEEK & SINT-MAGRIETE-HOUTEM;24054;C   
HOEPERTINGEN;73009;M   
HOESELT;73032;    
HOESELT + DEEL VAN TONGEREN;73032;A   
HOEVENEN;11044;B   
HOFSTADE;23096;B   
HOFSTADE;41002;B   
HOGNE;91120;E   
HOGNOUL;62006;C   
HOLLAIN;57093;H   
HOLLANGE;82009;C   
HOLLEBEKE;33011;K   
HOLLOGNE - SUR - GEER;64029;C   
HOLLOGNE-AUX-PIERRES*;62118;B   
HOLSBEEK;24043;    
HOLSBEEK;24043;A   
HOMBEEK;12025;B   
HOMBOURG;63088;D   
HOMPRE;82036;D   
HONDELANGE;81015;E   
HONNAY;91013;L   
HONNELLES;53083;    
HONSEM (DEEL);24011;D   
HONSEM (DEEL);24041;B   
HONSEM*;24016;D   
HOOGLEDE;36006;    
HOOGLEDE;36006;A   
HOOGSTADE;38002;B   
HOOGSTRATEN;13014;    
HOOGSTRATEN;13014;A   
HOREBEKE;45062;    
HORION-HOZEMONT*;62118;D   
HORNU;53014;B   
HORPMAAL;73022;J   
HORRUES;55040;G   
HOTTON;83028;    
HOTTON + PARTIE DE SOY;83028;A   
HOUDEMONT;85046;D   
HOUDENG-AIMERIES;55022;J   
HOUDENG-GOEGNIES;55022;K   
HOUDREMONT;91054;C   
HOUFFALIZE;82014;    
HOUFFALIZE;82014;A   
HOUR;91072;B   
HOUSSE;62119;E   
HOUTAING;51004;S   
HOUTAIN-LE-VAL;25031;D   
HOUTAIN-SAINT-SIMEON;62079;F   
HOUTAVE;31042;C   
HOUTEM;38025;J   
HOUTHALEN*+ DEEL VAN ZONHOVEN EN ZOLDER;72039;A   
HOUTHALEN-HELCHTEREN;72039;    
HOUTHEM;54010;C   
HOUTHULST;32006;    
HOUTHULST;32006;A   
HOUTVENNE;13016;C   
HOUWAART;24135;D   
HOUYET;91072;    
HOUYET;91072;A   
HOVE;11021;    
HOVE;11021;A   
HOVES;55039;D   
HOWARDRIES;57093;D   
HUCCORGNE + PARTIE DE COUTHUIN ET DE LAVOIR;61072;D   
HUISE*;45057;C   
HUISSIGNIES;51014;E   
HUIZINGEN;23003;D   
HULDENBERG;24045;    
HULDENBERG;24045;A   
HULSHOUT;13016;    
HULSHOUT;13016;A   
HULSONNIAUX;91072;F   
HULSTE;34013;C   
HUMAIN*;83034;F   
HUMBEEK;23025;D   
HUNDELGEM;45065;G   
HUPPAYE;25122;G   
HUY;61031;    
HUY;61031;A   
HYON;53053;B   
ICHTEGEM;35006;    
ICHTEGEM*;35006;A   
IDDERGEM + DEEL NINOVE;41011;B   
IDEGEM;41018;K   
IEPER;33011;    
IEPER;33011;A   
IMPE + DEEL VLIERZELE;41034;C   
INCOURT;25043;    
INCOURT;25043;A   
INGELMUNSTER;36007;    
INGELMUNSTER;36007;A   
INGOOIGEM;34002;E   
IRCHONWELZ;51004;K   
ISIERES;51004;D   
ISNES;92142;D   
ITEGEM;12014;C   
ITTERBEEK;23016;D   
ITTRE;25044;    
ITTRE;25044;A   
IVOZ-RAMET;62120;B   
IXELLES;21009;    
IXELLES;21009;A   
IZEGEM;36008;    
IZEGEM;36008;A   
IZEL;85007;D   
IZENBERGE;38002;D   
IZIER;83012;J   
JABBEKE;31012;    
JABBEKE;31012;A   
JALHAY;63038;    
JALHAY;63038;A   
JALLET;92097;E   
JAMAGNE;93056;T   
JAMBES;92094;B   
JAMIOLLE;93056;S   
JAMIOULX;56086;E   
JAMOIGNE;85007;E   
JANDRAIN-JANDRENOUILLE;25120;B   
JAUCHE;25120;C   
JAUCHELETTE;25048;C   
JAVINGUE;91013;B   
JEHAY-BODEGNEE (PARTIE);61063;B   
JEHAY-BODEGNEE*;61003;E   
JEHONVILLE;84009;B   
JEMAPPES;53053;T   
JEMELLE;91114;B   
JEMEPPE;62096;B   
JEMEPPE;92140;A   
JEMEPPE-SUR-SAMBRE;92140;    
JENEFFE;64023;C   
JENEFFE;91064;G   
JESSEREN+ DEEL VAN HAREN;73009;E   
JETTE;21010;    
JETTE;21010;    
JETTE;21010;A   
JETTE;21010;A   
JEUK;71017;H   
JODOIGNE;25048;    
JODOIGNE;25048;A   
JODOIGNE-SOUVERAINE;25048;B   
JOLLAIN-MERLIN;57093;G   
JONCRET;52025;C   
JULEMONT;63035;H   
JUMET;52011;N   
JUPILLE-SUR-MEUSE;62063;D   
JUPRELLE;62060;    
JUPRELLE + PARTIE DE ALLEUR;62060;A   
JURBISE;53044;    
JURBISE;53044;A   
JUSERET;82036;F   
KACHTEM;36008;B   
KAGGEVINNE*;24020;C   
KAIN - MONT-SAINT-AUBERT;57081;V   
KALKEN;42010;B   
KALLO;46003;F   
KALMTHOUT;11022;    
KALMTHOUT* & DEEL WUUSTWEZEL;11022;A   
KAMPENHOUT;23038;    
KAMPENHOUT;23038;A   
KANEGEM;37015;C   
KANNE;73066;E   
KAPELLEN;11023;    
KAPELLEN;11023;A   
KAPELLEN;24137;D   
KAPELLE-OP-DEN-BOS;23039;    
KAPELLE-OP-DEN-BOS EN DEEL VAN ZEMST;23039;A   
KAPRIJKE;43007;    
KAPRIJKE;43007;A   
KASTER;34002;C   
KASTERLEE;13017;    
KASTERLEE;13017;A   
KAULILLE;72003;C   
KEERBERGEN;24048;    
KEERBERGEN;24048;A   
KEIEM;32003;C   
KELMIS;63040;    
KELMIS;63040;A   
KEMMEL;33039;A   
KEMZEKE*;46024;B   
KERKHOVE* + DEEL VAN BERCHEM;34003;C   
KERKOM;24016;B   
KERKOM-BIJ-SINT-TRUIDEN + DEEL VAN BORLO;71053;P   
KERKSKEN;41024;C   
KERMT;71022;F   
KERNIEL;73009;C   
KERSBEEK-MISKOM;24054;D   
KESSEL;12026;C   
KESSEL-LO;24062;C   
KESSENICH;72018;C   
KESTER;23024;D   
KETTENIS*;63023;B   
KEUMIEE*;92137;G   
KIELDRECHT;46003;D   
KINROOI;72018;    
KINROOI;72018;A   
KLEINE BROGEL;72030;B   
KLEINE-SPOUWEN;73006;K   
KLEIN-GELMEN+DEEL VAN GELMEN;73022;G   
KLEMSKERKE;35029;A   
KLERKEN;32006;D   
KLUISBERGEN;45060;    
KNESSELARE;44029;    
KNESSELARE;44029;A   
KNOKKE;31043;A   
KNOKKE-HEIST;31043;    
KOBBEGEM;23002;C   
KOEKELARE;32010;    
KOEKELARE;32010;A   
KOEKELBERG;21011;    
KOEKELBERG;21011;    
KOEKELBERG;21011;A   
KOEKELBERG;21011;A   
KOERSEL;71004;C   
KOKSIJDE;38014;    
KOKSIJDE;38014;A   
KONINGSHOOIKT;12021;B   
KONINKSEM;73083;B   
KONTICH;11024;    
KONTICH;11024;A   
KOOIGEM;34022;H   
KOOLKERKE;31005;D   
KOOLSKAMP;37020;B   
KORBEEK-DIJLE;24009;B   
KORBEEK-LO*;24011;B   
KORTEMARK;32011;    
KORTEMARK;32011;A   
KORTENAKEN;24054;    
KORTENAKEN;24054;A   
KORTENBERG;24055;    
KORTENBERG;24055;A   
KORTESSEM;73040;    
KORTESSEM;73040;A   
KORTIJS;71017;K   
KORTRIJK;34022;    
KORTRIJK + DEEL HARELBEKE EN KUURNE;34022;A   
KORTRIJK-DUTSEL;24043;B   
KOZEN*;71045;D   
KRAAINEM;23099;    
KRAAINEM;23099;A   
KROMBEKE;33021;C   
KRUIBEKE;46013;    
KRUIBEKE;46013;A   
KRUISHOUTEM;45017;    
KRUISHOUTEM;45017;A   
KUMTICH*;24107;D   
KURINGEN;71022;D   
KUTTEKOVEN;73009;B   
KUURNE;34023;    
KUURNE*;34023;A   
KWAADMECHELEN;71069;B   
KWAREMONT;45060;C   
LA BOUVERIE;53028;C   
LA BRUYERE;92141;    
LA GLANERIE;57072;C   
LA GLEIZE;63075;B   
LA HESTRE;52043;D   
LA HULPE;25050;    
LA HULPE;25050;A   
LA LOUVIERE;55022;    
LA LOUVIERE;55022;A   
LA REID;63076;C   
LA ROCHE-EN-ARDENNE;83031;    
LA ROCHE-EN-ARDENNE + PARTIE DE MARCOURT;83031;A   
LAAKDAL;13053;    
LAARNE;42010;    
LAARNE;42010;A   
LABUISSIERE;56049;C   
LACUISINE;85011;D   
LADEUZE;51014;C   
LAHAMAIDE;51017;C   
LAMBERMONT;63079;F   
LAMBUSART;52021;C   
LAMINE;64063;B   
LAMONTZEE;61010;C   
LAMORTEAU;85047;C   
LAMPERNISSE;32003;L   
LANAKEN;73042;    
LANAKEN;73042;A   
LANAYE;62108;F   
LANDEGEM;44049;E   
LANDELIES;52048;B   
LANDEN;24059;    
LANDEN;24059;A   
LANDENNE*+PARTIE DE HERON;92003;J   
LANDEN-RUMSDORP;24059;B   
LANDSKOUTER;44052;E   
LANEFFE;93088;M   
LANGDORP;24001;B   
LANGEMARK - POELKAPELLE;33040;    
LANGEMARK + DEEL ZONNEBEKE;33040;A   
LANKLAAR;72041;E   
LANQUESAINT;51004;B   
LANTIN;62060;F   
LANTREMANGE;64074;C   
LAPLAIGNE;57093;J   
LAPSCHEURE;31006;D   
LASNE;25119;    
LASNE-CHAPELLE-SAINT-LAMBERT;25119;A   
LATHUY;25048;E   
LATINNE;64015;C   
LATOUR;85045;C   
LAUW;73083;M   
LAUWE;34027;B   
LAVACHERIE+PARTIE DE FLAMIERGE;82038;C   
LAVAUX-SAINTE-ANNE;91114;H   
LAVOIR*;61028;B   
LE MESNIL;93090;E   
LE ROEULX;55035;    
LE ROEULX;55035;A   
LE ROUX + PARTIE DE METTET;92048;D   
LEBBEKE;42011;    
LEBBEKE;42011;A   
L'ECLUSE;25005;B   
LEDE;41034;    
LEDE;41034;A   
LEDEBERG;44021;G   
LEDEGEM;36010;    
LEDEGEM;36010;A   
LEEFDAAL;24009;C   
LEERBEEK;23024;B   
LEERNES;52022;C   
LEERS-ET-FOSTEAU;56078;G   
LEERS-NORD;57027;G   
LEEST;12025;C   
LEEUWERGEN;41081;C   
LEFFINGE;35011;C   
LEGLISE;84033;    
LEGLISE + PARTIE D'ANLIER;84033;A   
LEIGNON;91030;D   
LEISELE;38002;C   
LEKE;32003;D   
LEMBEEK;23027;C   
LEMBEKE;43007;B   
LENDELEDE;34025;    
LENDELEDE;34025;A   
LENNIK;23104;    
LENS;53046;    
LENS;53046;A   
LENS-SAINT-REMY;64034;H   
LENS-SAINT-SERVAIS;64029;G   
LEOPOLDSBURG;71034;    
LEOPOLDSBURG;71034;A   
LES AVINS;61012;D   
LES BONS VILLERS;52075;    
LES BULLES;85007;C   
LES HAYONS;84010;L   
LES WALEFFES;64076;C   
L'ESCAILLERE;56016;F   
LESDAIN;57093;C   
LESSINES;55023;    
LESSINES;55023;A   
LESSIVE;91114;F   
LESTERNY;83040;F   
LESVE;92101;E   
LETTERHOUTEM;41063;C   
LEUGNIES;56005;E   
LEUT;73107;E   
LEUVEN;24062;    
LEUVEN;24062;A   
LEUZE;57094;A   
LEUZE;92035;L   
LEUZE-EN-HAINAUT;57094;    
LEVAL-CHAUDEVILLE;56005;F   
LEVAL-TRAHEGNIES;56011;C   
LIBIN;84035;    
LIBIN*;84035;A   
LIBRAMONT;84077;A   
LIBRAMONT-CHEVIGNY;84077;    
LICHTAART;13017;B   
LICHTERVELDE;36011;    
LICHTERVELDE;36011;A   
LIEDEKERKE;23044;    
LIEDEKERKE +DEEL BORCHTLOMBEEK;23044;A   
LIEFERINGE;41048;E   
LIEGE;62063;    
LIEGE(MEUSE NORD) + PARTIE DE HERSTAL;62063;A   
LIEGE(MEUSE SUD);62063;B   
LIER;12021;    
LIER;12021;A   
LIERDE;45063;    
LIERNEUX;63045;    
LIERNEUX*;63045;A   
LIERNU;92035;R   
LIERS*;62051;C   
LIEZELE;12030;D   
LIGNE;51004;R   
LIGNEY;64029;F   
LIGNY;92114;D   
LILLE;13019;    
LILLE;13019;A   
LILLOIS-WITTERZEE;25014;B   
LIMAL*;25112;C   
LIMBOURG;63046;    
LIMBOURG;63046;A   
LIMELETTE;25121;C   
LIMERLE;82037;C   
LIMONT;64023;B   
LINCENT;64047;    
LINCENT;64047;A   
LINDEN;24066;D   
LINKEBEEK;23100;    
LINKEBEEK;23100;A   
LINKEROEVER;11002;B   
LINKHOUT;71037;B   
LINSMEAU;25118;C   
LINT;11025;    
LINT;11025;A   
LINTER;24133;    
LINTER-DRIESLINTER;24133;A   
LINTER-NEERLINTER;24133;B   
LIPPELO;12034;C   
LISOGNE;91034;B   
LISSEWEGE ( & ZEEBRUGGE );31005;B   
LIVES-SUR-MEUSE;92094;T   
LIXHE;62108;E   
LO;32030;A   
LOBBES;56044;    
LOBBES;56044;A   
LOCHRISTI;44034;    
LOCHRISTI;44034;A   
LODELINSART;52011;C   
LOENHOUT;11053;B   
LOKER;33039;F   
LOKEREN;46014;    
LOKEREN*+DEEL OVERMERE EN ZELE;46014;A   
LOMBARDSIJDE;35011;J   
LOMBISE;53046;E   
LOMMEL;72020;    
LOMMEL;72020;A   
LOMMERSWEILER;63067;D   
LOMPRET;56016;D   
LOMPREZ;84075;C   
LONCIN* +  PARTIE DE GRACE-HOLLOGNE;62003;B   
LONDERZEEL;23045;    
LONDERZEEL;23045;A   
LONGCHAMPS;92035;B   
LONGCHAMPS*;82005;B   
LONGLIER;84043;B   
LONGUEVILLE;25018;F   
LONGVILLY;82003;E   
LONTZEN;63048;    
LONTZEN GEBIETSTEIL KETTENIS;63048;A   
LOONBEEK;24045;B   
LOPPEM;31040;B   
LORCE;63075;E   
LO-RENINGE;32030;    
LOT;23003;E   
LOTENHULLE;44001;C   
LOUETTE-SAINT-DENIS*;91054;B   
LOUETTE-SAINT-PIERRE;91054;D   
LOUPOIGNE;25031;C   
LOUVEIGNE*;62100;B   
LOVENDEGEM;44036;    
LOVENDEGEM;44036;A   
LOVENJOEL;24011;C   
LOVERVAL;52025;B   
LOYERS;92094;U   
LUBBEEK;24066;    
LUBBEEK;24066;A   
LUINGNE;54007;B   
LUMMEN;71037;    
LUMMEN;71037;A   
LUSTIN;92101;B   
LUTTRE;52055;D   
MAARKEDAL;45064;    
MAARKE-KERKEM;45064;C   
MAASEIK;72021;    
MAASEIK;72021;A   
MAASMECHELEN;73107;    
MABOMPRE;82014;B   
MACHELEN;23047;    
MACHELEN;23047;A   
MACHELEN;44081;C   
MACON;56051;B   
MACQUENOISE;56051;F   
MAFFE*;91064;C   
MAFFLE;51004;J   
MAGNEE;62038;C   
MAILLEN;92006;C   
MAINVAULT;51004;T   
MAISIERES + PARTIE DE CASTEAU, MASNUY - SAINT-JEAN;53053;G   
MAISSIN;84050;H   
MAIZERET;92003;E   
MAL;73083;G   
MALDEGEM;43010;    
MALDEGEM;43010;A   
MALDEREN;23045;B   
MALEMPRE;83055;D   
MALEVES-SAINTE-MARIE-WASTINES;25084;D   
MALLE;11057;    
MALMEDY;63049;    
MALMEDY;63049;A   
MALONNE;92094;D   
MALVOISIN;91054;M   
MANAGE;52043;    
MANAGE;52043;A   
MANDERFELD;63012;C   
MANHAY;83055;    
MANNEKENSVERE;35011;F   
MARANSART;25119;C   
MARBAIS;25107;D   
MARBAIX;56086;D   
MARCHE-EN-FAMENNE;83034;    
MARCHE-EN-FAMENNE +PARTIE DE BAILLONVILLE ET NOISEUX;83034;A   
MARCHE-LES-DAMES;92094;S   
MARCHE-LEZ-ECAUSSINES;55050;C   
MARCHIENNE-AU-PONT;52011;J   
MARCHIN;61039;    
MARCHIN*;61039;A   
MARCHIPONT;53083;D   
MARCHOVELETTE;92138;G   
MARCINELLE;52011;G   
MARCOURT*;83044;C   
MARCQ;55010;B   
MARENNE*;83028;C   
MARIAKERKE;44021;L   
MARIEKERKE;12007;C   
MARIEMBOURG;93014;P   
MARILLES;25120;F   
MARKE;34022;D   
MARKEGEM;37002;B   
MARNEFFE;61010;E   
MARTELANGE;81013;    
MARTELANGE + PARTIE D'ANLIER;81013;A   
MARTENSLINDE;73006;N   
MARTOUZIN-NEUVILLE;91013;J   
MASBOURG;83040;B   
MASNUY-SAINT-JEAN*;53044;B   
MASNUY-SAINT-PIERRE;53044;C   
MASSEMEN;42025;B   
MASSENHOVEN;11054;E   
MATAGNE-LA-GRANDE;93018;E   
MATAGNE-LA-PETITE;93018;D   
MATER;45035;D   
MAUBRAY;57003;C   
MAURAGE;55022;F   
MAZEE;93090;D   
MAZENZELE;23060;B   
MAZY;92142;F   
MEAN;91064;D   
MECHELEN;12025;    
MECHELEN & DEEL ST-KATELIJNE-W;12025;A   
MECHELEN-AAN-DE-MAAS;73107;A   
MECHELEN-BOVELINGEN;73022;L   
MEEFFE;64075;C   
MEENSEL;24135;B   
MEER;13014;C   
MEERBEEK;24055;C   
MEERBEKE;41048;C   
MEERDONK;46020;C   
MEERHOUT;13021;    
MEERHOUT;13021;A   
MEERLE;13014;D   
MEESWIJK;73107;F   
MEETKERKE;31042;B   
MEEUWEN;72040;A   
MEEUWEN-GRUITRODE;72040;    
MEHAIGNE;92035;D   
MEIGEM;44011;J   
MEILEGEM;45065;D   
MEISE;23050;    
MEISE + DEEL VAN BRUSSEGEM;23050;A   
MEIX-DEVANT-VIRTON;85024;    
MEIX-DEVANT-VIRTON;85024;A   
MEIX-LE-TIGE;85034;C   
MELDEN*+DEEL WORTEGEM-PETEGEM;45035;E   
MELDERT;41002;G   
MELDERT;71037;C   
MELEN;62099;D   
MELIN;25048;F   
MELLE;44040;    
MELLE;44040;A   
MELLERY & PARTIE DE GENTINNES;25107;C   
MELLES - QUARTES;57081;E   
MELLET;52075;A   
MELLIER;84033;D   
MELSBROEK;23081;B   
MELSELE;46003;G   
MELSEN*+DEEL VAN DE PINTE EN VURSTE;44043;E   
MEMBACH;63004;B   
MEMBRUGGEN;73066;K   
MENEN;34027;    
MENEN;34027;A   
MERBES-LE-CHATEAU;56049;    
MERBES-LE-CHATEAU;56049;A   
MERBES-SAINTE-MARIE;56049;B   
MERCHTEM;23052;    
MERCHTEM;23052;A   
MERDORP;64034;R   
MERE;41082;A   
MERELBEKE;44043;    
MERELBEKE*+DEEL ZWIJNAARDE;44043;A   
MERENDREE;44049;D   
MERKEM;32006;B   
MERKSEM;11002;Q   
MERKSPLAS;13023;    
MERKSPLAS + DEEL RIJKEVORSEL;13023;A   
MERLEMONT;93056;H   
MESEN;33016;    
MESEN;33016;A   
MESLIN - L'EVEQUE;51004;E   
MESNIL-EGLISE;91072;C   
MESNIL-SAINT-BLAISE;91072;E   
MESPELARE;42006;G   
MESSANCY;81015;    
MESSANCY*;81015;A   
MESSELBROEK;24134;C   
MESVIN;53053;R   
METTEKOVEN;73022;F   
METTET;92087;    
METTET*;92087;A   
MEULEBEKE;37007;    
MEULEBEKE;37007;A   
MEUX;92141;E   
MEVERGNIES-LEZ-LENS;51012;D   
MEYERODE (GEBIETSTEIL);63067;B   
MEYERODE*;63001;C   
MICHELBEKE + DEEL SINT-MARIA-OUDENHOVE;45059;E   
MICHEROUX;62099;C   
MIDDELBURG;43010;B   
MIDDELKERKE;35011;    
MIDDELKERKE;35011;A   
MIECRET;91064;H   
MIELEN-BOVEN-AALST;71017;F   
MIGNAULT;55035;B   
MILLEN;73066;H   
MILMORT;62051;D   
MINDERHOUT;13014;B   
MIRWART;84059;F   
MODAVE;61041;    
MODAVE;61041;A   
MOELINGEN;73109;F   
MOEN;34042;D   
MOERBEKE;41018;R   
MOERBEKE;44045;    
MOERBEKE;44045;A   
MOERE;35005;B   
MOERKERKE;31006;E   
MOERZEKE;42008;B   
MOHA;61072;C   
MOHIVILLE;91059;C   
MOIGNELEE;92137;E   
MOIRCY;84077;G   
MOL;13025;    
MOL;13025;A   
MOLENBAIX;57018;B   
MOLENBEEK - WERSBEEK;24008;C   
MOLENBEEK-SAINT-JEAN;21012;    
MOLENBEEK-SAINT-JEAN;21012;A   
MOLENBEERSEL;72018;B   
MOLENSTEDE;24020;D   
MOLLEM;23002;B   
MOMALLE*;64063;E   
MOMIGNIES;56051;    
MOMIGNIES;56051;A   
MONCEAU-EN-ARDENNE;91015;E   
MONCEAU-IMBRECHIES;56051;C   
MONCEAU-SUR-SAMBRE;52011;K   
MONS;53053;    
MONS;53053;A   
MONS-LEZ-LIEGE (PARTIE);62118;C   
MONSTREUX;25072;D   
MONT;82014;F   
MONTBLIART;56088;E   
MONT-DE-L'ENCLUS;57095;    
MONTEGNEE;62093;C   
MONTENAKEN;71017;J   
MONT-GAUTHIER;91114;K   
MONTIGNIES-LEZ-LENS;53046;C   
MONTIGNIES-SAINT-CHRISTOPHE;56022;D   
MONTIGNIES-SUR-ROC+ PARTIES AUDREGNIES ET WIHERIES;53083;F   
MONTIGNIES-SUR-SAMBRE;52011;E   
MONTIGNY-LE-TILLEUL;52048;    
MONTIGNY-LE-TILLEUL;52048;A   
MONTLEBAN;82037;E   
MONTROEUL-AU-BOIS;51065;G   
MONTROEUL-SUR-HAINE;53039;B   
MONT-SAINT-ANDRE;25122;D   
MONT-SAINTE-ALDEGONDE;56087;C   
MONT-SAINTE-GENEVIEVE;56044;D   
MONT-SAINT-GUIBERT;25068;    
MONT-SAINT-GUIBERT;25068;A   
MONT-SUR-MARCHIENNE;52011;H   
MONTZEN;63088;C   
MOORSEL;41002;E   
MOORSELE;34041;C   
MOORSLEDE;36012;    
MOORSLEDE;36012;A   
MOORTSELE;44052;D   
MOPERTINGEN;73006;G   
MOREGEM + OOIKE*;45061;C   
MORESNET;63088;B   
MORHET;82036;C   
MORIALME + PARTIE D'ORET;93022;H   
MORKHOVEN;13011;C   
MORLANWELZ;56087;    
MORLANWELZ-MARIEMONT;56087;A   
MORMONT;83013;D   
MORNIMONT;92140;G   
MORTIER + PARTIE DE ST.-ANDRE;62119;B   
MORTROUX;62027;G   
MORTSEL;11029;    
MORTSEL;11029;A   
MORVILLE;93022;D   
MOULBAIX;51004;M   
MOUSCRON;54007;    
MOUSCRON;54007;A   
MOUSTIER;51065;D   
MOUSTIER;92140;F   
MOXHE;64034;N   
MOZET;92054;C   
MUIZEN;12025;F   
MUIZEN;71017;C   
MULLEM;45035;F   
MUNKZWALM;45065;A   
MUNO;85011;G   
MUNSTERBILZEN;73006;C   
MUNTE;44043;C   
MUSSON;85026;    
MUSSON;85026;A   
MUSSY-LA-VILLE+PARTIE DE BLEID;85026;B   
MY;61019;C   
NAAST;55040;B   
NADRIN;82014;C   
NAFRAITURE;91143;F   
NALINNES;56086;B   
NAMECHE;92003;F   
NAMUR;92094;    
NAMUR;92094;A   
NANDRIN;61043;    
NANDRIN;61043;A   
NANINNE;92094;W   
NAOME;91015;C   
NASSOGNE;83040;    
NASSOGNE;83040;A   
NATOYE;91059;F   
NAZARETH;44048;    
NAZARETH;44048;A   
NECHIN;57027;F   
NEDERBOELARE;41018;B   
NEDERBRAKEL;45059;A   
NEDERHASSELT;41048;L   
NEDEROKKERZEEL;23038;C   
NEDERZWALM-HERMELGEM* + DEEL OUDENAARDE EN ZINGEM;45065;M   
NEERGLABBEEK;72040;E   
NEERHAREN;73042;C   
NEERHEYLISSEM;25118;A   
NEERIJSE;24045;C   
NEEROETEREN;72021;B   
NEERPELT;72025;    
NEERPELT;72025;A   
NEERREPEN;73083;C   
NEERWINDEN;24059;D   
NEERWINDEN-ELIKSEM;24059;F   
NEERWINDEN-EZEMAAL;24059;G   
NEERWINDEN-LAAR;24059;H   
NEERWINDEN-OVERWINDEN;24059;J   
NEERWINDEN-WANGE;24059;E   
NEIGEM;41048;D   
NEREM;73083;J   
NESSONVAUX;62122;C   
NETHEN;25037;E   
NETTINNE;91120;G   
NEU MORESNET;63040;B   
NEUFCHATEAU;62027;F   
NEUFCHATEAU;84043;    
NEUFCHATEAU;84043;A   
NEUFMAISON;53070;G   
NEUFVILLES;55040;E   
NEUPRE;62121;    
NEUVILLE;93056;R   
NEUVILLE-EN-CONDROZ;62121;A   
NEVELE;44049;    
NEVELE;44049;A   
NIEL;11030;    
NIEL;11030;A   
NIEL-BIJ-AS;71002;B   
NIEL-BIJ-SINT-TRUIDEN;71017;B   
NIEUWENHOVE;41018;N   
NIEUWENKERKEN-WAAS;46021;B   
NIEUWENRODE;23039;B   
NIEUWERKERKEN;41002;J   
NIEUWERKERKEN;71045;    
NIEUWERKERKEN;71045;A   
NIEUWKAPELLE;32003;G   
NIEUWKERKE;33039;D   
NIEUWMUNSTER*;31042;D   
NIEUWPOORT;38016;    
NIEUWPOORT+DEEL WESTENDE;38016;A   
NIEUWRODE;24043;C   
NIJLEN;12026;    
NIJLEN;12026;A   
NIL-SAINT-VINCENT-SAINT-MARTIN;25124;B   
NIMY;53053;E   
NINOVE;41048;    
NINOVE*;41048;A   
NISMES;93090;G   
NIVELLES;25072;    
NIVELLES;25072;A   
NIVERLEE;93018;C   
NIVES;82036;B   
NOBRESSART;81003;D   
NODEBAIS;25005;D   
NODUWEZ;25120;G   
NOIRCHAIN;53028;B   
NOIREFONTAINE;84010;D   
NOISEUX*;91120;B   
NOKERE;45017;D   
NOLLEVAUX;84050;F   
NOORDERWIJK;13011;B   
NOORDSCHOTE;32030;D   
NOSSEGEM;23094;B   
NOTHOMB;81003;E   
NOUVELLES;53053;N   
NOVILLE;82003;D   
NOVILLE-LES-BOIS;92138;E   
NOVILLE-SUR-MEHAIGNE;92035;E   
NUKERKE*+DEEL VAN KLUISBERGEN;45064;B   
OBAIX;52055;B   
OBIGIES;57062;D   
OBOURG;53053;F   
OCHAMPS;84035;D   
OCQUIER;61012;B   
ODEIGNE;83055;E   
OEDELEM;31003;B   
OEKENE;36015;B   
OELEGEM;11035;B   
OESELGEM;37002;C   
OETINGEN;23024;C   
OEUDEGHIEN;51065;B   
OEVEL*;13049;D   
OFFAGNE*;84050;D   
OGY;55023;F   
OHAIN*;25119;D   
OHEY;92097;    
OHEY;92097;A   
OIGNIES-EN-THIERACHE;93090;F   
OISQUERCQ & PARTIE DE VIRGINAL-SAMME;25105;B   
OIZY;91015;D   
OKEGEM;41048;B   
OLEN;13029;    
OLEN;13029;A   
OLEYE;64074;B   
OLLIGNIES;55023;D   
OLLOY-SUR-VIROIN;93090;A   
OLMEN;13003;B   
OLNE;63057;    
OLNE;63057;A   
OLSENE;44081;B   
OMAL;64029;E   
OMBRET-RAWSA*;61003;C   
OMEZEE;93056;F   
ON;83034;E   
ONHAYE;91103;    
ONHAYE;91103;A   
ONKERZELE;41018;C   
ONNEZIES;53083;E   
ONOZ;92140;D   
ONZE-LIEVE-VROUW-WAVER*;12035;B   
OOIGEM;37017;B   
OORBEEK + DEEL VAN HOEGAARDEN;24107;B   
OORDEGEM;41034;E   
OOSTAKKER;44021;D   
OOSTDUINKERKE;38014;B   
OOSTEEKLO;43002;B   
OOSTENDE;35013;    
OOSTENDE + OOSTENDE-STENE*;35013;F   
OOSTENDE ZANDVOORDE +OOSTENDE*;35013;C   
OOSTENDE*;35013;A   
OOSTENDE*;35013;B   
OOSTENDE-STENE + OOSTENDE*;35013;D   
OOSTENDE-STENE + OOSTENDE*;35013;E   
OOSTERZELE;44052;    
OOSTERZELE;44052;A   
OOSTHAM;71069;A   
OOSTKAMP;31022;    
OOSTKAMP;31022;A   
OOSTKERKE;32003;K   
OOSTKERKE + HOEKE;31006;C   
OOSTMALLE;11057;B   
OOSTNIEUWKERKE;36019;B   
OOSTROZEBEKE;37010;    
OOSTROZEBEKE;37010;A   
OOSTVLETEREN;33041;A   
OOSTWINKEL;44080;C   
OPBRAKEL;45059;B   
OPGLABBEEK;71047;    
OPGLABBEEK;71047;A   
OPGRIMBIE;73107;B   
OPHAIN-BOIS-SEIGNEUR-ISAAC;25014;C   
OPHASSELT;41018;H   
OPHEERS;73022;C   
OPHEYLISSEM;25118;B   
OPHOVEN;72018;D   
OPITTER;72004;C   
OPLINTER;24107;G   
OPOETEREN;72021;C   
OPONT;84050;B   
OPPREBAIS;25043;C   
OPPUURS;12034;B   
OPWIJK;23060;    
OPWIJK;23060;A   
ORBAIS;25084;C   
ORCHIMONT + PARTIE DE LOUETTE-SAINT-DENIS;91143;E   
ORCQ - MARQUAIN - LAMAIN;57081;P   
ORDINGEN;71053;H   
ORET*;92087;H   
OREYE;64056;    
OREYE;64056;A   
ORGEO;84009;C   
ORMEIGNIES;51004;L   
ORP-JAUCHE;25120;    
ORP-LE-GRAND;25120;A   
ORROIR;57095;D   
ORSMAAL-GUSSENHOVEN;24133;C   
ORSMAAL-MELKWEZER;24133;D   
ORSMAAL-NEERHESPEN;24133;E   
ORSMAAL-OVERHESPEN;24133;F   
ORSMAAL-WOMMERSOM;24133;G   
ORTHO;83031;C   
OSTICHES;51004;V   
OTEGEM;34042;B   
OTEPPE;61010;D   
OTHEE;62006;E   
OTTENBURG;24045;E   
OTTERGEM;41082;F   
OTTIGNIES;25121;A   
OTTIGNIES-LOUVAIN-LA-NEUVE;25121;    
OUDEGEM;42006;F   
OUDEKAPELLE;32003;H   
OUDENAARDE;45035;    
OUDENAARDE*+DEEL OOIKE;45035;A   
OUDENAKEN;23077;B   
OUDENBURG;35014;    
OUDENBURG;35014;A   
OUDERGEM;21002;    
OUDERGEM;21002;A   
OUD-HEVERLEE;24086;    
OUD-HEVERLEE;24086;A   
OUD-TURNHOUT;13031;    
OUD-TURNHOUT*;13031;A   
OUFFET;61048;    
OUFFET;61048;A   
OUGREE*;62096;C   
OUPEYE;62079;    
OUPEYE*+PARTIE DE CHERATTE, HERSTAL ET WANDRE;62079;A   
OUTER;41048;M   
OUTGAARDEN + DEEL VAN GOETSENHOVEN;24041;C   
OUTRELOUXHE + PARTIE DE OMBRET-RAWSA;61041;D   
OUTRIJVE;34003;D   
OUWEGEM;45057;B   
OVERBOELARE;41018;D   
OVERIJSE;23062;    
OVERIJSE;23062;A   
OVERMERE*+DEEL LOKEREN;42003;C   
OVERPELT;72029;    
OVERPELT*;72029;A   
OVERREPEN;73083;R   
PAAL;71004;B   
PAIFVE;62060;H   
PAILHE;61012;E   
PALISEUL;84050;    
PALISEUL;84050;A   
PAPIGNIES;55023;E   
PARIKE;45059;F   
PARTIE ANS;62063;M   
PARTIE DE FAMILLEUREUX;55022;L   
PARTIE DE LIMAL-LE-GRAND;25121;D   
PARTIE DE OUGREE;62063;J   
PARTIE MONS* & PARTIE HORION-HOZEMONT & DE FLEMALLE-HAUTE;62120;D   
PARTIES DE SAINTES;25123;D   
PASSENDALE;33037;B   
PATIGNIES;91054;L   
PATURAGES* + PARTIES DE EUGIES;53082;B   
PAULATEM;45065;B   
PECQ;57062;    
PECQ;57062;A   
PEER;72030;    
PEER;72030;A   
PEISSANT;56085;D   
PELLAINES;64047;B   
PELLENBERG;24066;C   
PEPINGEN;23064;    
PEPINGEN;23064;A   
PEPINSTER;63058;    
PEPINSTER;63058;A   
PERK;23081;C   
PERONNES-LEZ-ANTOING;57003;D   
PERONNES-LEZ-BINCHE;56011;H   
PERUWELZ;57064;    
PERUWELZ;57064;A   
PERVIJZE;32003;M   
PERWEZ;25084;    
PERWEZ;25084;A   
PERWEZ;92097;C   
PESCHE;93014;J   
PESSOUX;91030;B   
PETEGEM-AAN-DE-SCHELDE* + DEEL VAN OUDENAARDE;45061;A   
PETEGEM-LEIE;44011;C   
PETIGNY;93014;B   
PETITE-CHAPELLE;93014;D   
PETIT-ENGHIEN;55010;C   
PETIT-RECHAIN;63079;G   
PETIT-ROEULX-LES-NIVELLES;52063;D   
PETIT-ROEULX-LEZ-BRAINE;55004;E   
PETIT-THIER + PARTIE DE BEHO;82032;B   
PEUTIE;23088;B   
PHILIPPEVILLE;93056;    
PHILIPPEVILLE;93056;A   
PIETON;52010;C   
PIETRAIN;25048;K   
PIETREBAIS & PART DONGELBERG;25043;E   
PIPAIX;57094;H   
PIRINGEN;73083;P   
PIRONCHAMPS;52018;B   
PITTEM;37011;    
PITTEM;37011;A   
PLAINEVAUX+PARTIE DE SERAING;62121;B   
PLANCENOIT;25119;E   
PLOEGSTEERT;54010;E   
PLOMBIERES;63088;    
POEDERLEE;13019;D   
POEKE;44001;D   
POELKAPELLE;33040;C   
POESELE;44049;B   
POLLARE;41048;G   
POLLEUR (PARTIE)+THEUX(PARTIE);63079;D   
POLLEUR*;63076;B   
POLLINKHOVE;32030;B   
POMMEROEUL;51009;B   
PONDROME;91013;R   
PONT - DE - LOUP;52074;C   
PONT-A-CELLES;52055;    
PONT-A-CELLES;52055;A   
PONTILLAS;92138;C   
POPERINGE;33021;    
POPERINGE;33021;A   
POPPEL;13035;C   
POPUELLES;57018;F   
PORCHERESSE;84016;B   
PORCHERESSE;91064;F   
POTTES;57018;C   
POUCET;64034;E   
POULSEUR;62026;B   
POUPEHAN;84010;G   
POUSSET;64063;C   
PRESGAUX;93014;G   
PRESLES;52074;B   
PROFONDEVILLE;92101;    
PROFONDEVILLE;92101;A   
PROVEN;33021;D   
PRY;93088;B   
PULDERBOS;11054;B   
PULLE;11054;C   
PURNODE;91141;F   
PUTTE;12029;    
PUTTE & DEEL O. L. V. WAVER & RIJMENAM;12029;A   
PUURS;12030;    
PUURS;12030;A   
QUAREGNON;53065;    
QUAREGNON;53065;A   
QUENAST;25123;C   
QUEUE-DU-BOIS+PARTIE DE FLERON;62015;B   
QUEVAUCAMPS;51008;C   
QUEVY;53084;    
QUEVY-LE-GRAND;53084;B   
QUEVY-LE-PETIT;53084;A   
QUIEVRAIN;53068;    
QUIEVRAIN;53068;A   
RACHECOURT;81004;D   
RACOUR;64047;C   
RAEREN;63061;    
RAEREN*+ENCLAVE WALHORN + GEBIETSTEIL EUPEN;63061;A   
RAGNIES;56078;F   
RAHIER;63075;C   
RAMEGNIES;51008;F   
RAMEGNIES-CHIN;57081;T   
RAMELOT;61081;B   
RAMILLIES;25122;    
RAMILLIES-OFFUS;25122;A   
RAMSDONK;23039;C   
RAMSEL;13013;B   
RAMSKAPELLE;31043;C   
RAMSKAPELLE;38016;C   
RANCE;56088;D   
RANSART;52011;R   
RANSBERG;24054;B   
RANST;11035;    
RANST;11035;A   
RAVELS;13035;    
RAVELS & DEEL OUD-TURNHOUT;13035;A   
REBAIX;51004;C   
REBECQ;25123;    
REBECQ-ROGNON;25123;A   
RECHT*;63067;F   
RECOGNE;84077;D   
REDU;84035;G   
REET;11037;C   
REKEM;73042;B   
REKKEM;34027;C   
RELEGEM;23002;D   
REMAGNE;84077;H   
REMERSDAAL;73109;D   
REMICOURT;64063;    
REMICOURT;64063;A   
RENDEUX;83044;    
RENDEUX;83044;A   
RENINGE;32030;C   
RENINGELST*;33021;B   
RENLIES;56005;C   
REPPEL;72003;B   
RESSAIX;56011;B   
RESSEGEM;41027;D   
RESTEIGNE*;84068;C   
RETIE;13036;    
RETIE* & DEEL ARENDONK & OUD-TURNHOUT;13036;A   
RETINNE;62038;B   
REULAND;63087;B   
REVES;52075;E   
RHISNES*;92141;B   
RICHELLE;62108;B   
RIEMST;73066;    
RIEMST;73066;A   
RIENNE;91054;E   
RIEZES;56016;G   
RIJKEL;73009;N   
RIJKEVORSEL;13037;    
RIJKEVORSEL*;13037;A   
RIJKHOVEN;73006;M   
RIJMENAM*;12005;B   
RIKSINGEN;73083;D   
RILLAAR;24001;C   
RIVIERE;92101;C   
RIXENSART;25091;    
RIXENSART;25091;A   
ROBECHIES;56016;P   
ROBELMONT;85024;B   
ROBERTVILLE;63080;B   
ROBORST;45065;H   
ROCHEFORT;91114;    
ROCHEFORT;91114;A   
ROCHEHAUT;84010;F   
ROCHERATH;63012;B   
ROCLENGE-SUR-GEER;62011;B   
ROCOURT + PARTIE DE VOROUX-LEZ-LIERS;62063;L   
ROESBRUGGE-HARINGE;33021;E   
ROESELARE;36015;    
ROESELARE;36015;A   
ROGNEE;93088;F   
ROISIN;53083;A   
ROKSEM;35014;C   
ROLLEGEM;34022;F   
ROLLEGEM KAPELLE;36010;B   
ROLY;93056;M   
ROMEDENNE;93056;G   
ROMEREE;93018;F   
ROMERSHOVEN;73032;C   
ROMSEE;62038;D   
RONGY;57093;B   
RONQUIERES;55004;C   
RONSE;45041;    
RONSE;45041;A   
RONSELE;44080;B   
ROOSBEEK;24016;C   
ROOSDAAL;23097;    
ROOSDAAL*+DEEL VAN GOOIK EN SINT-KWINTENS-LENNIK;23097;A   
ROSEE;93022;E   
ROSELIES;52074;D   
ROSIERES;25091;C   
ROSMEER;73006;J   
ROSOUX-CRENWICK;64008;B   
ROSSIGNOL;85039;D   
ROTEM;72041;B   
ROTHEUX-RIMIERE;62121;C   
ROTSELAAR;24094;    
ROTSELAAR;24094;A   
ROUCOURT;57064;J   
ROUVEROY;56085;G   
ROUVREUX*;62100;C   
ROUVROY;85047;    
ROUX*;52011;M   
ROUX-MIROIR;25043;D   
ROY;83034;G   
ROZEBEKE;45065;J   
RUDDERVOORDE;31022;C   
RUETTE;85045;E   
RUIEN + DEEL VAN AVELGEM EN WAARMAARDE;45060;A   
RUISBROEK;23077;E   
RUISBROEK* + DEEL WILLEBROEK;12030;B   
RUISELEDE;37012;    
RUISELEDE;37012;A   
RUKKELINGEN-LOON;73022;M   
RULLES + PARTIE VILLERS-SUR-SEMOIS;85046;E   
RUMBEKE;36015;C   
RUMES;57072;    
RUMES;57072;A   
RUMILLIES - MOURCOURT;57081;W   
RUMMEN;24028;B   
RUMST;11037;    
RUMST;11037;A   
RUNKELEN;71053;F   
RUPELMONDE;46013;C   
RUSSEIGNIES;57095;B   
RUTTEN;73083;L   
'S GRAVENVOEREN;73109;A   
'S GRAVENWEZEL;11039;B   
'S HERENELDEREN*;73083;S   
SAINT - SAUVEUR;51065;P   
SAINT-AMAND;52021;F   
SAINT-ANDRE*;62027;H   
SAINT-AUBIN;93022;G   
SAINT-DENIS;92141;D   
SAINTE-CECILE;85011;F   
SAINTE-MARIE;85009;E   
SAINTE-MARIE-CHEVIGNY;84077;F   
SAINTE-ODE;82038;    
SAINTES*;25105;D   
SAINT-GEORGES-SUR-MEUSE;64065;    
SAINT-GEORGES-SUR-MEUSE+PARTIE DE HERMALLE-SOUS-HUY;64065;A   
SAINT-GERARD;92087;B   
SAINT-GERMAIN;92035;P   
SAINT-GERY;25117;C   
SAINT-GHISLAIN;53070;    
SAINT-GHISLAIN;53070;A   
SAINT-GILLES;21013;    
SAINT-GILLES;21013;A   
SAINT-HUBERT;84059;    
SAINT-HUBERT;84059;A   
SAINT-JEAN-GEEST;25048;J   
SAINT-JOSSE-TEN-NODE;21014;    
SAINT-JOSSE-TEN-NODE;21014;A   
SAINT-LEGER;57027;C   
SAINT-LEGER;85034;    
SAINT-LEGER;85034;A   
SAINT-MARC;92094;M   
SAINT-MARTIN;92140;C   
SAINT-MAUR - ERE;57081;L   
SAINT-MEDARD;84029;B   
SAINT-NICOLAS;62093;    
SAINT-NICOLAS*;62093;A   
SAINT-PIERRE;84077;C   
SAINT-REMY;56016;K   
SAINT-REMY;62119;F   
SAINT-REMY-GEEST;25048;G   
SAINT-SERVAIS;92094;J   
SAINT-SEVERIN;61043;D   
SAINT-SYMPHORIEN;53053;J   
SAINT-VAAST;55022;D   
SAINT-VINCENT;85039;C   
SAIVE + PARTIE DE WANDRE;62119;D   
SALLES;56016;M   
SAMART;93056;P   
SAMBREVILLE;92137;    
SAMREE;83031;B   
SANKT-VITH;63067;    
SANKT-VITH;63067;A   
SARS-LA-BRUYERE;53028;E   
SARS-LA-BUISSIERE;56044;B   
SART*;63038;B   
SART-BERNARD;92006;D   
SART-CUSTINNE;91054;K   
SART-DAMES-AVELINES;25107;E   
SART-EN-FAGNE;93056;J   
SART-EUSTACHE;92048;C   
SART-SAINT-LAURENT;92048;F   
SAUTIN + PARTIE SOLRE-ST-GERY;56088;C   
SAUTOUR;93056;N   
SCHAARBEEK;21015;    
SCHAARBEEK;21015;A   
SCHAERBEEK;21015;    
SCHAERBEEK;21015;A   
SCHAFFEN;24020;E   
SCHALKHOVEN;73032;E   
SCHALTIN;91059;G   
SCHELDE;11002;M   
SCHELDERODE*+DEEL VAN DE PINTE;44043;D   
SCHELDEWINDEKE;44052;C   
SCHELLE;11038;    
SCHELLE;11038;A   
SCHELLEBELLE;42026;C   
SCHENDELBEKE;41018;G   
SCHEPDAAL;23016;E   
SCHERPENHEUVEL;24134;A   
SCHERPENHEUVEL-ZICHEM;24134;    
SCHILDE;11039;    
SCHILDE;11039;A   
SCHOENBERG (GEBIETSTEIL);63012;D   
SCHONBERG*;63067;C   
SCHOONAARDE;42006;H   
SCHORE;35011;E   
SCHORISSE;45064;D   
SCHOTEN;11040;    
SCHOTEN;11040;A   
SCHRIEK;12014;F   
SCHUIFERSKAPELLE;37015;B   
SCHULEN;71024;C   
SCLAYN;92003;G   
SCY;91059;D   
SEILLES;92003;K   
SELANGE;81015;B   
SELOIGNES;56051;D   
SEMMERZAKE*+DEEL EKE;44020;B   
SENEFFE;52063;    
SENEFFE;52063;A   
SENSENRUTH;84010;C   
SENY;61081;E   
SENZEILLE;93010;F   
SEPTON;83012;C   
SERAING;62096;    
SERAING*;62096;A   
SERAING-LE-CHATEAU;61063;D   
SERINCHAMPS;91030;C   
SERSKAMP;42026;B   
SERVILLE;91103;D   
SIBRET*;82036;E   
SIJSELE;31006;F   
SILENRIEUX*;93010;C   
SILLY;55039;    
SILLY;55039;A   
SINAAI*;46021;D   
SINSIN;91120;F   
SINT - MARTENS - BODEGEM;23016;F   
SINT ULRIKS - KAPELLE;23016;B   
SINT-AGATHA-BERCHEM;21003;    
SINT-AGATHA-BERCHEM;21003;A   
SINT-AGATHA-RODE;24045;D   
SINT-AMANDS;12034;    
SINT-AMANDS;12034;A   
SINT-AMANDSBERG;44021;E   
SINT-ANDRIES;31005;H   
SINT-ANTELINKS;41027;F   
SINT-BAAFS-VIJVE;37017;C   
SINT-BLASIUS-BOEKEL;45065;K   
SINT-DENIJS;34042;E   
SINT-DENIJS-BOEKEL;45065;L   
SINT-DENIJS-WESTREM - AFSNEE;44021;J   
SINT-ELOOIS-VIJVE;34040;D   
SINT-ELOOIS-WINKEL;36010;C   
SINT-GENESIUS-RODE;23101;    
SINT-GENESIUS-RODE;23101;A   
SINT-GILLIS;21013;    
SINT-GILLIS;21013;A   
SINT-GILLIS-BIJ-DENDERMONDE;42006;C   
SINT-GILLIS-WAAS;46020;    
SINT-GILLIS-WAAS*+DEEL KEMZEKE;46020;A   
SINT-GORIKS-OUDENHOVE;41081;G   
SINT-HUIBRECHTS-HERN + DEEL VAN TONGEREN;73032;D   
SINT-HUIBRECHTS-LILLE;72025;B   
SINT-JACOBS-KAPELLE;32003;J   
SINT-JAN;33011;C   
SINT-JAN-IN-EREMO;43014;C   
SINT-JANS-MOLENBEEK;21012;    
SINT-JANS-MOLENBEEK;21012;A   
SINT-JOB-IN-'T GOOR;11009;C   
SINT-JOOST-TEN-NODE;21014;    
SINT-JOOST-TEN-NODE;21014;A   
SINT-JORIS;31003;C   
SINT-JORIS;38016;B   
SINT-JORIS-WEERT;24086;E   
SINT-JORIS-WINGE;24135;C   
SINT-KATELIJNE-WAVER;12035;    
SINT-KATELIJNE-WAVER*;12035;A   
SINT-KATHERINA-LOMBEEK;23086;C   
SINT-KORNELIS-HOREBEKE;45062;B   
SINT-KRUIS*;31005;E   
SINT-LAMBRECHTS-HERK;71022;C   
SINT-LAMBRECHTS-WOLUWE;21018;    
SINT-LAMBRECHTS-WOLUWE;21018;A   
SINT-LAUREINS;43014;    
SINT-LAUREINS;43014;A   
SINT-LAUREINS-BERCHEM;23077;C   
SINT-LENAARTS;11009;B   
SINT-LIEVENS-ESSE;41027;H   
SINT-LIEVENS-HOUTEM;41063;    
SINT-LIEVENS-HOUTEM + DEEL OOMBERGEN;41063;A   
SINT-MARGRIETE;43014;B   
SINT-MARGRIETE-HOUTEM* + DEEL VAN BUNSBEEK;24107;F   
SINT-MARIA-HOREBEKE;45062;A   
SINT-MARIA-LATEM;45065;C   
SINT-MARIA-LIERDE;45063;A   
SINT-MARIA-OUDENHOVE*;41081;K   
SINT-MARTENS-LATEM;44064;    
SINT-MARTENS-LATEM;44064;A   
SINT-MARTENS-LEERNE;44011;L   
SINT-MARTENS-LENNIK;23104;B   
SINT-MARTENS-LIERDE;45063;D   
SINT-MARTENS-VOEREN;73109;B   
SINT-MICHIELS;31005;G   
SINT-NIKLAAS;46021;    
SINT-NIKLAAS* + DEEL HAASDONK, SINT-PAUWELS EN TEMSE;46021;A   
SINT-PAUWELS*;46020;D   
SINT-PIETERS-KAPELLE;23032;C   
SINT-PIETERS-KAPELLE;35011;D   
SINT-PIETERS-LEEUW;23077;    
SINT-PIETERS-LEEUW;23077;A   
SINT-PIETERS-RODE;24043;D   
SINT-PIETERS-VOEREN;73109;E   
SINT-PIETERS-WOLUWE;21019;    
SINT-PIETERS-WOLUWE;21019;A   
SINT-STEVENS-WOLUWE;23094;D   
SINT-TRUIDEN;71053;    
SINT-TRUIDEN;71053;A   
SIPPENAEKEN;63088;E   
SIRAULT;53070;F   
SIVRY;56088;A   
SIVRY-RANCE;56088;    
SLEIDINGE;44019;B   
SLIJPE;35011;G   
SLINS*;62060;B   
SLUIZEN;73083;H   
SMEEREBBE-VLOERZEGEM;41018;J   
SMETLEDE;41034;D   
SMUID*;84035;C   
SNAASKERKE;35005;D   
SNELLEGEM;31012;E   
SOHEIT-TINLOT;61081;A   
SOHIER;84075;D   
SOIGNIES;55040;    
SOIGNIES;55040;A   
SOIRON;63058;B   
SOLRE-SAINT-GERY*;56005;D   
SOLRE-SUR-SAMBRE;56022;B   
SOMBREFFE;92114;    
SOMBREFFE;92114;A   
SOMME-LEUZE;91120;    
SOMME-LEUZE + PARTIE DE GRANDHAN ET DE MAFFE;91120;A   
SOMMETHONNE;85024;D   
SOMMIERE;91103;F   
SOMZEE;93088;K   
SOREE;92054;E   
SORINNE-LA-LONGUE;92006;F   
SORINNES + PARTIE DE ACHENE;91034;D   
SOSOYE;91005;B   
SOUGNE-REMOUCHAMPS + PARTIE DE LOUVEIGNE;62009;B   
SOULME;93018;J   
SOUMAGNE;62099;    
SOUMAGNE;62099;A   
SOUMOY;93010;B   
SOUVRET;52015;B   
SOVET;91030;H   
SOY*;83013;C   
SOYE;92045;C   
SPA;63072;    
SPA + PARTIE DE SART;63072;A   
SPALBEEK;71022;G   
SPIENNES;53053;P   
SPIERE;34043;A   
SPIERE-HELKIJN;34043;    
SPONTIN;91141;D   
SPRIMONT;62100;    
SPRIMONT + PARTIE DE COMBLAIN-AU-PONT;62100;A   
SPY;92140;E   
STABROEK;11044;    
STABROEK;11044;A   
STADEN;36019;    
STADEN;36019;A   
STALHILLE;31012;C   
STAMBRUGES;51008;B   
STAVE;92087;G   
STAVELE;38002;F   
STAVELOT;63073;    
STAVELOT*;63073;A   
STEENDORP;46025;B   
STEENHUFFEL;23045;C   
STEENHUIZE-WIJNHUIZE;41027;G   
STEENKERKE;38025;F   
STEENKERQUE;55004;F   
STEENOKKERZEEL;23081;    
STEENOKKERZEEL;23081;A   
STEKENE;46024;    
STEKENE;46024;A   
STEMBERT;63079;B   
STERREBEEK;23094;C   
STEVOORT;71022;H   
ST-KWINTENS-LENNIK* + DEEL ROOSDAAL;23104;A   
ST-MARD + PARTIE DE DAMPICOURT;85045;D   
STOKKEM;72041;D   
STOKROOIE;71022;E   
STOUMONT;63075;    
STOUMONT;63075;A   
STRAIMONT;84029;C   
STREE;56005;H   
STREE*;61041;C   
STREPY-BRACQUEGNIES;55022;H   
STRIJPEN;41081;H   
STROMBEEK - BEVER;23025;B   
STUIVEKENSKERKE;32003;N   
SUARLEE + PARTIE DE RHISNES;92094;G   
SUGNY;91143;C   
SURICE;93056;E   
SUXY;85007;B   
TAILLES;82014;E   
TAINTIGNIES;57072;B   
TAMINES;92137;D   
TARCIENNE;93088;L   
TAVIER + PARTIE DE ELLEMELLE;61079;C   
TAVIERS;92035;G   
TAVIGNY;82014;G   
TELLIN;84068;    
TELLIN;84068;A   
TEMPLEUVE;57081;S   
TEMPLOUX;92094;F   
TEMSE;46025;    
TEMSE*;46025;A   
TEN AARD;13008;B   
TENNEVILLE;83049;    
TENNEVILLE+PARTIE DE FLAMIERGE;83049;A   
TERALFENE;23105;C   
TERHAGEN;11037;B   
TERMES;85007;F   
TERNAT;23086;    
TERNAT;23086;A   
TERTRE;53070;C   
TERVUREN;24104;    
TERVUREN;24104;A   
TERWAGNE;61012;F   
TESSENDERLO;71057;    
TESSENDERLO;71057;A   
TESTELT;24134;D   
TEUVEN;73109;C   
THEUX;63076;    
THEUX*;63076;A   
THIAUMONT;81003;C   
THIEU;55035;C   
THIEULAIN;57094;K   
THIEUSIES;55040;C   
THIMEON;52055;E   
THIMISTER;63089;A   
THIMISTER - CLERMONT;63089;    
THINES;25072;C   
THIRIMONT;56005;G   
THISNES;64034;P   
THOMMEN;63087;A   
THON;92003;D   
THOREMBAIS-LES BEGUINES;25084;E   
THOREMBAIS-SAINT-TROND;25084;B   
THORICOURT;55039;F   
THUILLIES;56078;D   
THUIN;56078;    
THUIN;56078;A   
THULIN;53039;C   
THUMAIDE;51008;E   
THY-LE-BAUDUIN;93022;J   
THY-LE-CHATEAU;93088;H   
THYNES;91034;C   
TIEGEM;34002;D   
TIELEN;13017;C   
TIELRODE;46025;C   
TIELT;24135;A   
TIELT;37015;    
TIELT;37015;A   
TIELT-WINGE;24135;    
TIENEN;24107;    
TIENEN*;24107;A   
TIHANGE + PARTIE DE STREE ET DE VIERSET-BARSE;61031;C   
TILDONK + DEEL VAN HERENT + DEEL VAN WERCHTER;24033;B   
TILFF*;62032;B   
TILLET;82038;A   
TILLEUR;62093;B   
TILLIER;92138;H   
TILLY;25107;B   
TINLOT;61081;    
TINTANGE;82009;B   
TINTIGNY;85039;    
TINTIGNY;85039;A   
TISSELT* + DEEL BREENDONK;12040;D   
TOERNICH;81001;F   
TOHOGNE;83012;D   
TOLLEMBEEK;23023;C   
TONGEREN;73083;    
TONGEREN*;73083;A   
TONGERLO;13049;B   
TONGERLO;72004;B   
TONGRE-NOTRE-DAME;51014;F   
TONGRE-SAINT-MARTIN;51014;B   
TONGRINNE;92114;B   
TONTELANGE;81003;B   
TORGNY;85047;D   
TORHOUT;31033;    
TORHOUT;31033;A   
TOURINNE;64015;B   
TOURINNES-LA-GROSSE;25005;C   
TOURINNES-SAINT-LAMBERT;25124;C   
TOURNAI;57081;    
TOURNAI;57081;A   
TOURNAY;84043;E   
TOURPES;57094;F   
TRANSINNE;84035;F   
TRAZEGNIES;52015;C   
TREIGNES;93090;C   
TREMBLEUR;62119;A   
TREMELO;24109;    
TREMELO;24109;A   
TRIVIERES;55022;E   
TROGNEE*;64034;L   
TROIS-PONTS;63086;    
TROIS-PONTS FOSSE;63086;A   
TROIS-PONTS WANNE + PARTIE DE STAVELOT;63086;B   
TROOZ;62122;    
TUBIZE;25105;    
TUBIZE;25105;A   
TURNHOUT;13040;    
TURNHOUT;13040;A   
UCCLE;21016;    
UCCLE;21016;A   
UCIMONT;84010;H   
UIKHOVEN;73107;H   
UITBERGEN;42003;B   
UITKERKE;31004;B   
UKKEL;21016;    
UKKEL;21016;A   
ULBEEK;73098;D   
UPIGNY;92035;C   
URSEL;44029;B   
VAALBEEK;24086;B   
VALMEER;73066;G   
VANCE;85009;B   
VARENDONK;13053;B   
VARSENARE;31012;D   
VAUCELLES;93018;B   
VAULX;56016;C   
VAULX;57081;K   
VAUX-CHAVANNE + PARTIE DE BRA;83055;C   
VAUX-ET-BORSET;61068;D   
VAUX-LEZ-ROSIERES;82036;A   
VAUX-SOUS-CHEVREMONT + PARTIE DE CHENEE;62022;D   
VAUX-SUR-SURE;82036;    
VECHMAAL;73022;K   
VEDRIN - DAUSSOULX;92094;L   
VEERLE;13053;A   
VELAINE*+PARTIE DE BOIGNEE;92137;F   
VELAINES;57018;E   
VELDEGEM;31040;C   
VELDWEZELT;73042;D   
VELLEREILLE-LES-BRAYEUX;56085;C   
VELLEREILLE-LE-SEC;56085;J   
VELM;71053;R   
VELROUX + PARTIE DE FEXHE-LE-HAUT-CLOCHER;62118;E   
VELTEM-BEISEM;24038;C   
VELZEKE-RUDDERSHOVE;41081;J   
VENCIMONT;91054;J   
VERGNIES+PARTIE DE BARBENCON;56029;B   
VERLAINE;61063;    
VERLAINE;61063;A   
VERLEE;91064;B   
VERREBROEK;46003;C   
VERVIERS;63079;    
VERVIERS;63079;A   
VESQUEVILLE;84059;B   
VEULEN;73022;D   
VEURNE;38025;    
VEURNE;38025;A   
VEZIN;92003;H   
VEZON;57081;H   
VIANE;41018;S   
VICHTE;34002;F   
VIELSALM;82032;    
VIELSALM+PART D'ARBREFONTAINE;82032;A   
VIEMME;64076;D   
VIERSEL;11054;D   
VIERSET-BARSE*;61041;B   
VIERVES-SUR-VIROIN;93090;B   
VIESVILLE;52055;F   
VIEUX-GENAPPE;25031;E   
VIEUXVILLE;61019;B   
VIEUX-WALEFFE;61068;C   
VILLANCE;84035;B   
VILLE-EN-HESBAYE;64015;F   
VILLEROT;53070;D   
VILLERS - NOTRE - DAME;51004;N   
VILLERS-AUX-TOURS + PARTIE DE ESNEUX;61079;D   
VILLERS-DEUX-EGLISES;93010;E   
VILLERS-DEVANT-ORVAL;85011;B   
VILLERS-EN-FAGNE;93056;K   
VILLERS-LA-BONNE-EAU;82003;C   
VILLERS-LA-LOUE;85024;C   
VILLERS-LA-TOUR;56016;L   
VILLERS-LA-VILLE;25107;    
VILLERS-LA-VILLE;25107;A   
VILLERS-LE-BOUILLET;61068;    
VILLERS-LE-BOUILLET;61068;A   
VILLERS-LE-GAMBON;93056;C   
VILLERS-LE-PEUPLIER;64034;J   
VILLERS-LE-TEMPLE;61043;B   
VILLERS-L'EVEQUE;62006;D   
VILLERS-LEZ-HEEST;92141;F   
VILLERS-PERWIN;52075;C   
VILLERS-POTERIE;52025;E   
VILLERS-SAINT-AMAND;51004;P   
VILLERS-SAINTE-GERTRUDE;83012;K   
VILLERS-SAINT-GHISLAIN;53053;K   
VILLERS-SAINT-SIMEON;62060;D   
VILLERS-SUR-LESSE;91114;J   
VILLERS-SUR-SEMOIS*;85009;F   
VILLE-SUR-HAINE *;55035;D   
VILVOORDE;23088;    
VILVOORDE;23088;A   
VINALMONT;61072;E   
VINDERHOUTE;44036;B   
VINKT;44011;H   
VIRELLES;56016;B   
VIRGINAL-SAMME*;25044;C   
VIROINVAL;93090;    
VIRTON;85045;    
VIRTON;85045;A   
VISE;62108;    
VISE + PARTIE DE BOMBAYE COURT;62108;A   
VISSENAKEN;24107;E   
VITRIVAL;92048;B   
VIVEGNIS + PARTIE DE HERSTAL,WANDRE ET CHERATTE;62079;D   
VIVY;84010;J   
VLADSLO;32003;E   
VLAMERTINGE;33011;G   
VLEKKEM;41082;G   
VLETEREN;33041;    
VLEZEMBEEK;23077;D   
VLIERMAAL;73040;D   
VLIERMAALROOT;73040;C   
VLIERZELE*;41063;D   
VLIJTINGEN;73066;C   
VLIMMEREN;13004;B   
VLISSEGEM + DEEL NIEUWMUNSTER;35029;B   
VODECEE;93056;B   
VODELEE;93018;H   
VOEREN;73109;    
VOGENEE;93088;S   
VOLLEZELE;23023;B   
VONECHE;91013;N   
VOORDE;41048;J   
VOORMEZELE;33011;J   
VOORT;73009;K   
VOROUX-LEZ-LIERS*;62060;E   
VORSELAAR;13044;    
VORSELAAR;13044;A   
VORSEN;71017;L   
VORST;13053;D   
VORST;21007;    
VORST;21007;A   
VOSSELAAR;13046;    
VOSSELAAR*;13046;A   
VOSSELARE;44049;F   
VOSSEM;24104;B   
VOTTEM*;62051;B   
VRASENE*;46003;B   
VREMDE;11004;B   
VREREN;73083;K   
VRESSE;91143;A   
VRESSE-SUR-SEMOIS;91143;    
VROENHOVEN;73066;D   
VUCHT;73107;C   
VURSTE*;44020;C   
VYLE-ET-THAROUL;61039;B   
WAANRODE;24054;E   
WAARBEKE;41018;P   
WAARDAMME;31022;D   
WAARLOOS;11024;B   
WAARMAARDE*;34003;B   
WAARSCHOOT;44072;    
WAARSCHOOT;44072;A   
WAASMUNSTER;42023;    
WAASMUNSTER;42023;A   
WACHTEBEKE;44073;    
WACHTEBEKE;44073;A   
WADELINCOURT;51008;G   
WAGNELEE;52021;G   
WAHA + PARTIE DE MARENNE;83034;B   
WAILLET;91120;D   
WAIMES;63080;    
WAIMES;63080;A   
WAKKEN;37002;D   
WALCOURT;93088;    
WALCOURT +PARTIE DE SILENRIEUX;93088;A   
WALEM;12025;E   
WALHAIN;25124;    
WALHAIN-SAINT-PAUL;25124;A   
WALHORN*;63048;B   
WALSHOUTEM;24059;C   
WALTWILDER;73006;D   
WAMBEEK;23086;B   
WANCENNES;91013;P   
WANDRE*;62063;C   
WANFERCEE - BAULET;52021;B   
WANGENIES;52021;D   
WANLIN;91072;K   
WANNEGEM-LEDE;45017;C   
WANZE;61072;    
WANZE;61072;A   
WANZELE;41034;B   
WARCHIN;57081;B   
WARCOING;57062;B   
WARDIN;82003;B   
WAREGEM;34040;    
WAREGEM;34040;A   
WAREMME;64074;    
WAREMME;64074;A   
WARET-LA-CHAUSSEE;92035;M   
WARET-L'EVEQUE + PARTIE DE LANDENNE;61028;D   
WARISOULX;92141;G   
WARNANT-DREYE;61068;B   
WARNETON;54010;D   
WARQUIGNIES;53082;C   
WARSAGE;62027;E   
WARZEE;61048;B   
WASMES;53082;A   
WASMES-AUDEMEZ-BRIFFOEIL;57064;E   
WASMUEL;53065;B   
WASSEIGE;64075;    
WASSEIGE;64075;A   
WATERLAND-OUDEMAN;43014;D   
WATERLOO;25110;    
WATERLOO + PARTIE DE BRAINE-L'ALLEUD;25110;A   
WATERMAAL-BOSVOORDE;21017;    
WATERMAAL-BOSVOORDE;21017;A   
WATERMAEL-BOITSFORT;21017;    
WATERMAEL-BOITSFORT;21017;A   
WATERSCHEI - ZWARTBERG;71016;B   
WATERVLIET;43014;E   
WATOU;33021;F   
WATTRIPONT;51065;M   
WAUDREZ;56011;F   
WAULSORT;91142;C   
WAUTHIER-BRAINE;25015;B   
WAVRE;25112;    
WAVRE*;25112;A   
WAVREILLE+PARTIE DE RESTEIGNE;91114;C   
WAYAUX*;52075;B   
WAYS;25031;G   
WEBBEKOM;24020;B   
WECHELDERZANDE;13019;B   
WEELDE;13035;B   
WEERDE;23096;C   
WEERT;12007;D   
WEGNEZ;63058;C   
WEILLEN;91103;G   
WELDEN*;45035;C   
WELKENRAEDT;63084;    
WELKENRAEDT*+ PARTIE DE BAELEN;63084;A   
WELLE;41011;C   
WELLEN;73098;    
WELLEN;73098;A   
WELLIN;84075;    
WELLIN;84075;A   
WEMMEL;23102;    
WEMMEL;23102;A   
WENDUINE;35029;C   
WEPION;92094;C   
WERBOMONT;61019;E   
WERCHTER*;24094;B   
WERIS;83012;M   
WERKEN;32011;C   
WERM;73032;B   
WERVIK;33029;    
WERVIK;33029;A   
WESPELAAR;24033;C   
WESTENDE*;35011;H   
WESTERLO;13049;    
WESTERLO;13049;A   
WESTKAPELLE;31043;D   
WESTKERKE*;35014;D   
WESTMALLE;11057;A   
WESTMEERBEEK;13016;B   
WESTOUTER;33039;G   
WESTREM;42025;C   
WESTROZEBEKE;36019;C   
WESTVLETEREN;33041;B   
WETTEREN;42025;    
WETTEREN;42025;A   
WEVELGEM;34041;    
WEVELGEM;34041;A   
WEZEMAAL;24094;C   
WEZEMBEEK-OPPEM;23103;    
WEZEMBEEK-OPPEM;23103;A   
WEZ-VELVAIN;57093;F   
WIBRIN;82014;D   
WICHELEN;42026;    
WICHELEN;42026;A   
WIDOOIE;73083;N   
WIEKEVORST;12014;D   
WIELSBEKE;37017;    
WIELSBEKE;37017;A   
WIERDE;92094;V   
WIERS;57064;B   
WIESNE;91013;H   
WIEZE;42011;B   
WIHERIES*;53020;C   
WIHOGNE;62060;G   
WIJCHMAAL;72030;D   
WIJER;71045;C   
WIJNEGEM;11050;    
WIJNEGEM;11050;A   
WIJNENDALE - DEEL AARTRIJKE + ICHTEGEM;31033;B   
WIJSHAGEN;72040;B   
WIJTSCHATE;33039;B   
WILDEREN;71053;C   
WILLAUPUIS;57094;G   
WILLEBROEK;12040;    
WILLEBROEK* & DEEL BREENDONK EN RUISBROEK;12040;A   
WILLEMEAU - FROIDMONT;57081;M   
WILLERZIE;91054;F   
WILRIJK;11002;U   
WILSELE;24062;B   
WILSKERKE;35011;B   
WIMMERTINGEN;71022;B   
WINENNE;91013;C   
WINGENE;37018;    
WINGENE;37018;A   
WINKSELE;24038;B   
WINTERSHOVEN;73040;B   
WITRY;84033;C   
WODECQ;51017;B   
WOESTEN;33041;C   
WOLKRANGE*;81015;D   
WOLUWE-SAINT-LAMBERT;21018;    
WOLUWE-SAINT-LAMBERT;21018;A   
WOLUWE-SAINT-PIERRE;21019;    
WOLUWE-SAINT-PIERRE;21019;A   
WOLVERTEM;23050;B   
WOMMELGEM;11052;    
WOMMELGEM;11052;A   
WONCK;62011;E   
WONDELGEM;44021;M   
WONTERGEM;44011;G   
WORTEGEM*;45061;B   
WORTEGEM-PETEGEM;45061;    
WORTEL;13014;E   
WOUBRECHTEGEM;41027;E   
WOUMEN*;32003;F   
WULPEN;38014;C   
WULVERGEM;33039;C   
WUUSTWEZEL;11053;    
WUUSTWEZEL*;11053;A   
XHENDELESSE;63035;F   
XHENDREMAEL + PARTIE DE AWANS;62003;D   
XHORIS;61019;D   
YERNEE-FRAINEUX+PARTIE DE ABEE;61043;C   
YVES-GOMEZEE;93088;R   
YVOIR;91141;    
YVOIR;91141;A   
ZAFFELARE;44034;B   
ZANDBERGEN;41018;M   
ZANDE;32010;C   
ZANDHOVEN;11054;    
ZANDHOVEN;11054;A   
ZANDVOORDE;33037;E   
ZARLARDINGE;41018;F   
ZARREN;32011;D   
ZAVENTEM;23094;    
ZAVENTEM;23094;A   
ZEDELGEM;31040;    
ZEDELGEM;31040;A   
ZEGELSEM;45059;C   
ZELE;42028;    
ZELE*+DEEL LOKEREN;42028;A   
ZELEM;71020;B   
ZELLIK;23002;E   
ZELZATE;43018;    
ZELZATE;43018;A   
ZEMST;23096;    
ZEMST*;23096;A   
ZEPPEREN+ DEEL KOZEN;71053;G   
ZERKEGEM;31012;B   
ZETRUD-LUMAY;25048;H   
ZEVEKOTE;35005;C   
ZEVENEKEN;44034;C   
ZEVEREN;44011;D   
ZEVERGEM*+DEEL MELSEN, SCHELDERODE;44012;B   
ZICHEM;24134;B   
ZICHEN-ZUSSEN-BOLDER;73066;F   
ZILLEBEKE;33011;L   
ZINGEM;45057;    
ZINGEM*+DEEL DIKKELVENNE EN NEDERZWALM-HERMELGEM;45057;A   
ZOERLE-PARWIJS;13049;C   
ZOERSEL;11055;    
ZOERSEL & DEEL BRECHT;11055;A   
ZOLDER*+ DEEL VAN ZONHOVEN + DEEL VAN HOUTHALEN;71070;B   
ZOMERGEM;44080;    
ZOMERGEM;44080;A   
ZONHOVEN;71066;    
ZONHOVEN*+ DEEL VAN HOUTHALEN;71066;A   
ZONNEBEKE;33037;    
ZONNEBEKE*;33037;A   
ZONNEGEM;41063;E   
ZOTTEGEM;41081;    
ZOTTEGEM;41081;A   
ZOUTENAAIE;38025;E   
ZOUTLEEUW;24130;    
ZOUTLEEUW;24130;A   
ZUID - KAPELLEN;11023;B   
ZUIDSCHOTE;33011;E   
ZUIENKERKE;31042;    
ZUIENKERKE;31042;A   
ZULTE;44081;    
ZULTE;44081;A   
ZULZEKE*;45060;D   
ZUTENDAAL;71067;    
ZUTENDAAL;71067;A   
ZWALM;45065;    
ZWEVEGEM;34042;    
ZWEVEGEM;34042;A   
ZWEVEZELE;37018;B   
ZWIJNAARDE*+DEEL VAN MERELBEKE;44021;H   
ZWIJNDRECHT;11056;    
ZWIJNDRECHT;11056;A   
;;
;;
;;